a	000	39	0	0	9	6	1.0833333333333333	1	6	8	11	11	15	9	1	1	0
a	001	50	0	1	10	9	1.1666666666666667	0	8	10	11	10	6	9	1	1	0
a	002	24	2	0	5	5	0.75	1	5	4	5	9	6	3	1	1	0
a	003	36	1	0	9	5	1.3	0	11	10	10	8	11	15	1	1	2
a	004	28	0	3	6	4	1.5	1	7	8	6	8	14	13	1	1	4
a	005	37	0	1	8	7	1.1	0	7	9	9	10	9	8	1	1	0
a	006	45	0	2	10	7	1.2727272727272727	1	8	10	9	8	7	11	1	1	2
a	007	41	1	1	9	6	0.9230769230769231	1	7	9	12	11	13	11	1	1	0
a	008	53	1	0	10	11	0.8461538461538461	2	11	12	7	10	7	11	1	1	0
a	009	29	1	1	6	6	1.125	0	5	7	6	5	3	6	1	1	0
a	010	35	0	1	7	6	1.0	0	7	9	9	9	7	9	1	1	0
a	011	37	4	1	6	9	0.9090909090909091	1	17	17	5	10	9	21	1	1	0
a	012	41	0	0	7	10	1.0	2	11	13	8	8	8	12	1	1	0
a	013	32	0	0	6	4	0.8181818181818182	1	6	7	13	13	16	8	1	1	0
a	014	52	0	0	11	12	1.1666666666666667	1	12	13	13	14	13	12	1	1	0
a	015	37	0	1	8	6	1.0	0	7	7	9	10	9	7	1	1	0
a	016	26	0	1	4	4	0.7777777777777778	0	4	6	9	9	9	6	1	1	0
a	017	41	0	0	10	5	1.0	0	9	10	14	16	19	15	1	1	3
a	018	27	0	1	7	4	0.7777777777777778	0	3	5	8	10	9	6	1	1	1
a	019	32	1	0	8	6	0.9090909090909091	1	4	6	14	12	20	10	1	1	3
a	020	47	0	1	11	10	1.0	0	6	8	11	10	8	8	1	1	0
a	021	57	0	0	11	9	0.9285714285714286	1	13	13	18	18	15	12	1	1	0
a	022	31	0	1	8	6	1.0	0	4	5	10	7	5	4	1	1	0
a	023	37	1	0	7	7	1.0	0	8	8	7	9	8	8	1	1	0
a	024	40	0	1	10	7	0.8461538461538461	1	6	6	13	16	19	9	1	1	0
a	025	44	0	1	10	6	1.0909090909090908	0	7	8	12	11	9	7	1	1	0
a	026	40	1	0	6	9	0.8181818181818182	1	13	14	7	9	7	14	1	1	0
a	027	29	0	1	8	5	1.1111111111111112	0	4	5	12	9	15	7	1	1	2
a	028	34	0	4	5	6	1.5555555555555556	1	13	13	11	10	15	15	1	1	1
a	029	35	0	1	8	6	1.0	0	6	5	8	9	8	5	1	1	0
a	030	34	0	1	8	6	1.125	0	6	6	7	7	4	6	1	1	0
a	031	41	0	1	9	4	1.2	0	9	10	13	12	10	10	1	1	0
a	032	33	0	3	7	5	1.3	1	7	8	8	10	15	13	1	1	2
a	033	37	1	1	9	7	0.6666666666666666	1	3	4	13	12	11	4	1	1	0
a	034	79	0	0	11	13	1.0833333333333333	0	11	12	12	13	0	0	1	1	0
a	035	34	1	0	6	5	1.1111111111111112	1	9	9	6	8	7	10	1	1	0
a	036	41	1	0	7	9	1.1	1	11	11	4	6	4	11	1	1	0
a	037	42	0	1	11	6	1.0	0	9	9	15	14	11	11	1	1	1
a	038	43	3	0	10	8	0.7692307692307693	2	6	8	13	16	13	8	1	1	0
a	039	19	0	1	4	4	1.0	1	3	4	6	8	11	5	1	1	0
a	040	37	1	0	5	4	0.9166666666666666	0	10	13	10	12	14	17	1	1	2
a	041	21	0	2	3	2	1.125	1	5	6	7	7	14	12	1	1	4
a	042	35	2	0	6	5	1.1818181818181819	1	10	11	10	10	15	14	1	1	0
a	043	35	0	1	7	5	1.2	0	9	10	8	12	13	12	1	1	0
a	044	27	0	0	6	4	1.4285714285714286	0	5	7	5	6	6	7	1	1	0
a	045	38	0	1	8	7	1.0	0	6	7	9	11	8	5	1	1	0
a	046	31	0	1	7	4	1.375	0	8	9	6	7	8	12	1	1	2
a	047	46	1	0	9	8	1.0	0	8	9	10	12	11	8	1	1	0
a	048	22	1	1	5	3	0.875	1	3	4	5	8	8	6	1	1	1
a	049	38	1	1	8	9	1.0	1	5	7	9	8	9	6	1	1	0
a	050	43	2	0	7	8	0.75	1	14	13	8	11	8	13	1	1	0
a	051	43	0	0	7	6	0.8461538461538461	0	9	10	16	15	17	10	1	1	0
a	052	46	0	1	9	11	1.0	0	7	10	12	13	12	7	1	1	0
a	053	40	0	1	12	4	0.7857142857142857	1	4	5	14	14	17	13	1	1	5
a	054	34	1	0	8	7	1.0	0	6	7	7	9	9	8	1	1	1
a	055	21	1	0	5	5	1.0	1	4	4	3	6	3	3	1	1	0
a	056	35	0	3	8	5	1.3333333333333333	1	10	11	9	9	9	12	1	1	1
a	057	53	0	2	13	7	1.0	1	10	12	18	17	12	13	1	1	0
a	058	68	0	0	13	13	1.0714285714285714	0	11	15	15	13	5	7	1	1	0
a	059	56	0	3	9	9	0.9230769230769231	2	16	15	7	13	6	15	1	1	0
a	060	59	2	3	8	10	1.0	2	20	21	10	13	11	17	1	1	0
a	061	25	0	1	3	2	1.0	0	6	8	9	10	15	11	1	1	3
a	062	25	1	0	5	5	1.1428571428571428	0	6	7	6	6	6	6	1	1	0
a	063	27	0	1	5	3	1.25	0	8	10	6	4	6	14	1	1	1
a	064	42	2	0	7	7	0.8333333333333334	1	10	9	13	14	11	9	1	1	0
a	065	101	0	0	16	14	0.875	0	10	10	14	20	0	0	1	1	0
a	066	65	1	2	14	8	1.1333333333333333	0	13	16	18	17	10	16	1	1	0
a	067	33	1	0	6	7	0.8	1	7	7	6	7	5	7	1	1	0
a	068	60	0	0	10	10	1.0	0	9	9	8	12	0	0	1	1	0
a	069	42	1	0	8	10	1.0	1	14	15	6	7	6	15	1	1	0
a	070	39	1	0	7	5	1.0	0	10	11	9	13	13	13	1	1	1
a	071	46	0	1	9	9	1.1818181818181819	0	11	13	8	8	7	11	1	1	0
a	072	46	2	1	8	10	1.0	1	17	18	6	11	11	21	1	1	0
a	073	29	0	0	7	7	1.1111111111111112	1	6	5	7	8	11	10	1	1	2
a	074	32	0	1	6	5	1.1111111111111112	0	8	10	8	8	10	10	1	1	0
a	075	32	1	1	6	8	1.125	1	10	13	4	5	5	14	1	1	0
a	076	40	0	0	7	7	1.0909090909090908	1	12	11	12	14	17	15	1	1	1
a	077	27	0	1	7	6	1.1428571428571428	0	4	6	9	6	6	5	1	1	0
a	078	52	0	0	11	9	1.0	0	14	14	9	12	12	14	1	1	0
a	079	24	1	0	5	4	1.1428571428571428	0	6	6	4	4	3	6	1	1	0
a	080	42	0	0	9	8	1.0909090909090908	0	7	10	12	13	13	10	1	1	1
a	081	64	1	0	12	9	0.9375	0	13	13	15	16	17	12	1	2	0
a	082	33	0	1	6	4	0.9090909090909091	1	6	7	11	13	17	12	1	1	3
a	083	40	1	1	7	10	1.0	0	6	8	10	10	12	7	1	1	0
a	084	41	1	0	8	10	1.0	2	13	15	8	8	9	15	1	1	0
a	085	40	0	0	10	7	0.9	1	6	7	10	11	7	6	1	1	0
a	086	53	0	0	10	10	1.0769230769230769	0	7	8	9	10	9	7	1	1	0
a	087	31	0	0	6	4	0.9090909090909091	1	5	6	9	9	16	12	1	1	3
a	088	54	0	0	13	12	1.0769230769230769	0	6	8	13	12	11	5	1	1	0
a	089	47	0	0	10	9	1.2	1	9	9	10	9	8	9	1	1	0
a	090	29	0	0	7	5	1.125	1	8	9	9	9	12	11	1	1	2
a	091	59	5	0	3	14	1.0	1	36	36	16	18	17	37	1	1	0
a	092	41	0	2	7	6	0.8571428571428571	1	7	8	16	15	22	13	1	1	4
a	093	88	0	0	13	12	0.8	0	12	13	16	18	0	0	1	1	0
a	094	52	0	1	10	10	1.1538461538461537	0	15	13	8	8	9	14	1	1	0
a	095	53	1	1	13	8	1.0	0	9	10	20	22	24	11	1	1	1
a	096	59	0	0	11	11	1.0	0	8	10	8	10	4	2	1	1	0
a	097	32	3	0	6	4	1.1818181818181819	1	10	10	8	9	16	16	1	1	5
a	098	42	0	0	8	7	0.9166666666666666	0	9	12	14	12	13	9	1	1	0
a	099	54	0	0	10	10	1.0	0	8	8	6	12	0	0	1	1	0
b	000	24	5	0	3	4	0.6	1	6	7	10	8	9	6	1	1	0
b	001	36	5	0	2	2	0.5294117647058824	1	7	8	20	16	24	14	1	1	4
b	002	24	5	0	4	4	0.45454545454545453	1	3	4	11	9	10	3	1	1	0
b	003	37	6	0	7	5	0.6923076923076923	1	8	8	14	8	9	8	1	1	0
b	004	35	5	0	6	4	0.5	1	5	4	17	13	19	10	1	1	4
b	005	35	5	0	7	5	0.6	1	7	6	14	16	17	9	1	1	1
b	006	30	9	0	3	3	0.4666666666666667	1	7	8	15	14	16	8	1	1	0
b	007	35	7	0	5	3	0.625	1	8	8	14	12	17	14	1	1	1
b	008	46	5	0	10	7	0.6	2	8	6	18	16	15	6	1	1	0
b	009	46	5	0	8	8	0.6875	1	10	10	16	14	15	10	1	1	0
b	010	31	4	0	5	1	0.7692307692307693	1	8	8	13	10	18	16	1	1	5
b	011	35	5	0	5	5	0.6153846153846154	1	8	7	15	12	15	7	1	1	0
b	012	19	4	0	3	3	0.4	1	2	3	12	8	11	3	1	1	0
b	013	40	6	0	6	6	0.6	1	10	9	17	15	16	9	1	1	0
b	014	14	4	1	0	1	0.4444444444444444	1	1	1	9	4	10	5	1	1	2
b	015	37	5	0	8	4	0.5333333333333333	1	6	7	15	14	12	9	1	1	0
b	016	38	6	0	6	5	0.5	1	7	8	18	17	18	8	1	1	0
b	017	30	6	0	3	3	0.4666666666666667	1	5	6	17	14	18	9	1	1	1
b	018	32	5	0	5	4	0.5714285714285714	1	7	6	15	13	15	10	1	1	1
b	019	33	5	0	3	3	0.5714285714285714	1	6	9	16	15	17	9	1	1	1
b	020	23	5	0	3	3	0.7272727272727273	1	7	6	10	10	15	10	1	1	2
b	021	29	6	0	5	4	0.5	1	4	5	12	10	9	4	1	1	0
b	022	37	6	0	5	5	0.6666666666666666	1	10	11	14	10	13	14	1	1	1
b	023	41	8	0	5	6	0.625	1	10	10	17	14	16	9	1	1	0
b	024	42	3	0	9	6	0.6428571428571429	1	5	5	17	10	12	5	1	1	0
b	025	20	6	0	3	3	0.5	1	4	5	10	8	9	5	1	1	0
b	026	31	8	0	3	1	0.6	1	9	10	15	12	17	14	1	1	2
b	027	31	5	0	4	5	0.6666666666666666	1	9	9	12	11	12	9	1	1	0
b	028	44	5	0	6	7	0.7857142857142857	1	14	13	15	13	14	13	1	1	0
b	029	34	6	0	5	4	0.6666666666666666	1	8	9	14	12	18	14	1	1	3
b	030	50	4	0	8	8	0.9285714285714286	1	13	13	14	13	12	12	1	1	0
b	031	34	5	0	5	7	0.6153846153846154	1	5	7	13	11	13	6	1	1	0
b	032	35	5	0	7	5	0.8461538461538461	1	10	9	12	11	14	13	1	1	2
b	033	35	6	0	4	3	0.5333333333333333	1	8	9	18	17	18	11	1	1	0
b	034	35	6	0	5	4	0.7692307692307693	1	12	13	13	12	13	14	1	1	0
b	035	21	6	0	3	3	0.45454545454545453	1	3	5	11	8	11	5	1	1	0
b	036	25	5	0	5	4	0.5454545454545454	1	4	5	11	9	10	5	1	1	0
b	037	21	3	0	3	3	0.5	1	3	5	12	9	12	5	1	1	0
b	038	39	6	0	8	3	0.47058823529411764	1	7	6	21	18	19	11	1	1	1
b	039	78	0	0	9	11	0.6875	0	8	9	17	13	0	1	1	1	0
b	040	33	4	0	4	3	0.6923076923076923	1	8	8	14	13	16	11	1	1	2
b	041	50	4	0	7	8	0.5882352941176471	1	9	12	17	14	9	8	1	1	0
b	042	31	6	0	4	3	0.6153846153846154	1	8	9	14	12	14	9	1	1	0
b	043	29	6	0	4	4	0.5833333333333334	1	8	8	13	11	12	8	1	1	0
b	044	34	6	0	5	5	0.7142857142857143	1	10	9	13	12	14	12	1	1	0
b	045	27	3	0	5	5	0.7	1	3	5	10	7	10	5	1	1	1
b	046	32	7	0	5	4	0.5333333333333333	1	8	7	16	13	16	10	1	1	0
b	047	31	6	1	7	5	0.5384615384615384	1	5	4	12	12	12	5	1	1	0
b	048	26	4	0	3	2	0.5833333333333334	1	6	7	14	11	15	10	1	1	1
b	049	30	6	1	4	4	0.6428571428571429	1	6	7	11	12	16	11	1	1	2
b	050	43	5	0	7	6	0.6	1	10	8	17	14	13	9	1	1	0
b	051	37	6	0	6	3	0.6666666666666666	1	10	11	16	15	15	14	1	1	1
b	052	43	4	1	7	5	1.1666666666666667	1	15	15	11	8	10	17	1	1	0
b	053	27	7	0	3	2	0.5384615384615384	1	8	7	14	11	14	10	1	1	0
b	054	56	7	0	10	8	0.7058823529411765	2	12	12	19	17	15	11	1	1	0
b	055	35	5	0	6	3	0.7857142857142857	1	10	10	14	13	17	15	1	1	2
b	056	35	6	0	5	6	0.5384615384615384	1	5	8	13	10	11	3	1	1	0
b	057	59	0	0	14	5	0.7142857142857143	0	11	12	14	13	2	11	1	1	0
b	058	47	9	0	8	7	0.5	2	8	8	20	18	18	7	1	2	0
b	059	35	6	0	3	3	0.7142857142857143	1	13	13	16	14	17	15	1	1	0
b	060	26	5	0	5	4	0.5	1	4	5	12	11	12	6	1	1	0
b	061	24	6	0	4	4	0.38461538461538464	1	2	3	13	11	14	4	1	1	1
b	062	17	4	0	3	4	0.5555555555555556	1	3	3	8	8	10	3	1	1	0
b	063	21	5	0	2	2	0.5	1	5	6	11	10	11	6	1	1	0
b	064	36	8	0	5	4	0.6	1	10	11	15	14	15	11	1	1	0
b	065	37	6	0	7	4	0.5	1	6	7	18	18	18	9	1	1	1
b	066	28	4	1	5	5	0.5833333333333334	1	4	6	14	8	12	6	1	1	0
b	067	28	5	0	5	5	0.5	1	4	5	12	11	12	4	1	1	0
b	068	33	4	0	7	5	0.8461538461538461	1	7	7	14	12	20	12	1	1	2
b	069	37	8	0	4	5	0.6	1	11	12	16	15	16	11	1	1	0
b	070	30	6	0	5	4	0.46153846153846156	1	5	6	13	13	13	5	1	1	0
b	071	35	8	0	7	5	0.5	1	6	5	16	15	17	9	1	1	1
b	072	40	8	0	6	5	0.5625	1	10	12	18	16	16	11	1	1	0
b	073	28	7	0	5	3	0.42857142857142855	1	4	4	16	12	14	5	1	1	0
b	074	46	0	0	10	6	0.4	0	2	3	16	13	3	1	1	1	0
b	075	33	7	0	4	4	0.5714285714285714	1	9	10	15	14	15	10	1	1	0
b	076	29	5	1	5	5	0.7272727272727273	1	6	7	11	9	10	8	1	1	0
b	077	26	6	0	2	2	0.5	1	7	8	14	13	14	8	1	1	0
b	078	25	6	0	3	2	0.38461538461538464	1	4	5	15	14	15	6	1	1	0
b	079	35	7	0	5	6	0.5	1	7	8	14	14	14	5	1	1	0
b	080	39	4	0	5	6	0.5714285714285714	1	7	8	15	10	11	7	1	1	0
b	081	41	6	0	5	6	0.7333333333333333	1	12	12	15	13	14	12	1	1	0
b	082	29	5	0	6	4	0.5384615384615384	3	7	7	14	12	14	8	2	1	1
b	083	36	5	0	6	6	0.6153846153846154	1	7	6	14	10	12	6	1	1	0
b	084	28	7	0	4	5	0.35714285714285715	1	4	4	15	13	14	3	1	1	0
b	085	42	5	0	8	4	0.8	1	11	10	16	16	21	16	1	1	2
b	086	39	8	0	7	6	0.5	1	8	6	18	14	15	7	1	1	0
b	087	37	3	0	4	5	0.7142857142857143	1	10	8	17	13	20	12	1	1	1
b	088	25	5	0	2	2	0.5454545454545454	1	7	8	13	12	13	8	1	1	0
b	089	21	4	0	4	4	0.5555555555555556	1	3	4	9	6	7	3	1	1	0
b	090	22	5	1	4	3	0.6	1	3	5	9	8	9	5	1	1	0
b	091	50	0	0	8	6	0.4666666666666667	0	4	4	17	11	0	2	1	1	0
b	092	28	6	0	3	4	0.6923076923076923	1	8	6	13	11	18	11	1	1	2
b	093	33	5	0	3	4	0.6428571428571429	1	9	8	15	13	16	12	1	1	0
b	094	30	8	0	2	3	0.6666666666666666	1	9	8	12	11	16	12	1	1	2
b	095	39	3	0	5	7	0.8333333333333334	1	12	11	14	12	13	11	1	1	0
b	096	25	5	0	4	3	0.5454545454545454	1	5	6	11	10	11	6	1	1	0
b	097	23	4	0	4	4	0.5	1	2	4	9	7	7	3	1	1	0
b	098	24	7	0	4	3	0.38461538461538464	1	3	4	13	12	13	5	1	1	0
b	099	22	3	0	3	3	1.0	1	9	8	7	6	7	10	1	1	0
c	000	22	3	0	5	5	0.7777777777777778	1	6	7	7	6	8	8	1	0	1
c	001	23	4	0	2	2	1.2857142857142858	2	15	15	6	4	4	15	1	0	0
c	002	25	5	0	4	3	0.9090909090909091	2	13	12	5	4	5	16	1	0	1
c	003	21	4	1	4	4	0.7777777777777778	1	6	7	6	4	5	7	1	0	0
c	004	57	0	0	8	11	1.0	0	14	14	6	6	0	0	1	0	0
c	005	12	1	1	2	2	1.0	2	5	5	3	2	1	5	1	0	0
c	006	24	6	0	4	4	0.8181818181818182	1	8	9	6	5	8	12	1	0	0
c	007	35	3	0	6	8	0.8333333333333334	0	8	9	7	6	6	8	1	0	0
c	008	35	4	1	4	5	0.9166666666666666	2	14	13	13	12	13	13	1	0	0
c	009	28	11	0	3	2	0.8571428571428571	2	15	15	6	6	11	20	1	0	3
c	010	14	6	0	2	1	0.75	2	7	7	4	4	6	10	1	0	2
c	011	28	5	0	5	4	0.8333333333333334	1	9	9	6	4	6	13	1	0	0
c	012	28	8	1	4	4	0.8571428571428571	2	11	10	6	5	12	18	1	0	3
c	013	42	5	0	6	7	1.0	1	15	16	9	8	8	15	1	0	0
c	014	29	6	0	3	4	0.8461538461538461	1	11	10	7	8	13	15	1	0	3
c	015	26	6	2	3	4	0.9166666666666666	2	11	10	8	7	13	15	1	0	2
c	016	36	7	0	4	6	0.7857142857142857	1	13	13	9	7	7	13	1	0	0
c	017	38	12	0	2	1	0.9285714285714286	2	24	24	14	12	12	24	1	0	0
c	018	26	3	1	5	5	1.1111111111111112	0	10	11	5	6	8	12	1	0	1
c	019	24	5	1	4	3	0.7272727272727273	2	9	9	7	5	5	9	1	0	0
c	020	34	12	0	2	1	0.6111111111111112	2	13	13	14	14	20	20	1	1	4
c	021	21	6	0	2	3	0.7272727272727273	2	9	7	6	5	8	12	1	0	1
c	022	25	5	0	3	4	0.7272727272727273	2	10	10	7	5	5	10	1	0	0
c	023	28	8	1	4	3	0.7857142857142857	2	11	10	8	7	11	17	1	0	2
c	024	38	5	0	5	7	0.7857142857142857	0	11	10	8	7	7	10	1	0	0
c	025	26	3	2	4	5	1.1111111111111112	1	10	10	5	3	3	11	1	0	0
c	026	55	1	0	8	11	1.0714285714285714	0	17	17	8	7	2	13	1	1	0
c	027	59	0	0	11	11	1.0	0	14	14	9	11	0	0	1	0	0
c	028	27	8	0	3	3	0.8461538461538461	2	13	13	6	6	8	18	1	0	1
c	029	37	4	0	7	8	0.7692307692307693	1	9	8	9	8	8	8	1	0	0
c	030	17	3	1	3	3	0.75	2	6	6	5	3	3	6	1	0	0
c	031	30	7	0	4	2	0.8571428571428571	2	12	12	8	8	14	21	1	0	3
c	032	13	3	1	2	2	0.7142857142857143	2	5	5	5	3	3	6	1	0	0
c	033	28	7	2	3	2	1.0833333333333333	2	15	15	5	5	7	21	1	0	2
c	034	32	7	1	4	5	0.8571428571428571	2	13	14	6	5	7	15	1	0	1
c	035	48	0	0	8	9	0.9	0	9	9	6	8	2	0	1	0	0
c	036	21	5	0	3	3	0.7777777777777778	1	7	8	7	6	7	7	1	0	0
c	037	14	3	1	2	3	0.7142857142857143	1	5	5	5	3	3	5	1	0	0
c	038	29	10	0	4	1	0.9285714285714286	2	16	16	5	5	10	24	1	0	5
c	039	23	7	0	2	2	0.6363636363636364	2	10	10	9	7	7	10	1	0	0
c	040	31	8	1	4	2	1.0	2	13	14	6	7	13	21	1	0	3
c	041	31	6	1	3	4	1.0	1	14	15	4	5	7	19	1	0	2
c	042	39	4	1	6	6	1.0833333333333333	0	15	14	7	6	6	14	1	0	0
c	043	13	1	1	2	3	0.8333333333333334	2	4	4	3	2	1	4	1	0	0
c	044	20	7	0	2	2	0.7	2	9	10	7	6	7	11	1	0	1
c	045	23	5	0	3	3	1.0	1	12	13	6	5	6	14	1	0	0
c	046	42	7	1	3	5	1.0	2	21	21	9	8	7	21	1	0	0
c	047	34	5	0	3	5	1.0833333333333333	0	13	15	4	7	9	15	1	0	2
c	048	30	8	0	4	2	1.0	2	16	16	3	3	8	24	1	0	4
c	049	30	6	0	4	3	0.9166666666666666	0	14	12	9	9	12	15	1	0	1
c	050	36	5	0	5	8	0.9166666666666666	0	11	11	6	7	8	8	1	0	0
c	051	13	7	1	2	2	0.6666666666666666	2	5	5	4	4	7	8	1	0	2
c	052	25	5	2	4	3	1.0	2	10	11	7	6	10	15	1	0	1
c	053	34	5	0	3	5	0.8571428571428571	2	12	12	11	11	17	15	1	0	2
c	054	36	5	2	3	5	1.0	1	15	15	7	5	5	17	1	0	0
c	055	19	7	1	2	3	0.6363636363636364	2	6	7	7	7	10	9	1	0	0
c	056	26	6	0	4	4	0.6666666666666666	1	9	9	8	6	6	10	1	0	0
c	057	23	6	0	2	2	0.75	2	8	8	6	6	11	14	1	0	2
c	058	35	6	1	4	6	0.9285714285714286	2	16	16	7	5	6	17	1	0	0
c	059	32	5	0	6	6	0.9090909090909091	0	11	13	8	8	8	12	1	0	0
c	060	22	7	1	2	1	0.6923076923076923	1	6	5	6	8	13	11	1	0	4
c	061	17	6	4	2	2	0.9	2	6	6	5	5	9	11	1	0	2
c	062	32	6	1	4	6	0.7142857142857143	1	10	10	8	6	6	10	1	0	0
c	063	31	4	2	3	5	0.8461538461538461	2	11	11	6	4	4	11	1	0	0
c	064	26	4	1	2	5	0.75	2	9	9	6	4	4	10	1	0	0
c	065	28	6	2	3	3	1.1818181818181819	2	15	14	4	4	6	18	1	0	2
c	066	30	6	1	3	4	0.8461538461538461	2	12	12	7	5	7	14	1	0	0
c	067	42	5	0	8	7	0.8571428571428571	0	13	13	12	10	11	13	1	0	0
c	068	18	5	1	3	3	1.0	2	9	8	4	3	5	11	1	0	1
c	069	40	9	0	5	5	0.8125	2	19	19	11	9	9	19	1	0	0
c	070	31	4	0	4	5	0.9166666666666666	1	12	12	6	9	8	13	1	0	0
c	071	33	5	0	5	6	0.9230769230769231	0	10	10	5	5	7	14	1	0	2
c	072	45	0	0	8	9	0.8181818181818182	0	11	10	6	5	0	0	1	0	0
c	073	76	0	0	13	10	0.7692307692307693	0	9	9	7	7	0	0	1	0	0
c	074	32	6	0	4	6	1.0	1	12	13	5	6	8	14	1	0	1
c	075	26	7	1	3	5	0.6428571428571429	2	8	8	7	5	7	9	1	0	0
c	076	25	7	1	3	4	0.9090909090909091	1	11	11	5	5	7	14	1	0	2
c	077	21	4	0	3	3	0.6	2	6	7	9	10	11	7	1	0	0
c	078	25	6	0	2	2	0.8333333333333334	2	10	10	7	7	12	14	1	0	3
c	079	25	6	1	4	3	0.9	2	13	13	8	6	6	13	1	0	0
c	080	38	4	1	5	7	0.8666666666666667	2	14	14	6	4	4	14	1	0	0
c	081	21	2	0	3	3	1.1428571428571428	1	9	10	4	3	3	9	1	0	0
c	082	39	12	1	2	1	1.0	2	25	25	14	12	12	25	1	0	0
c	083	25	4	0	4	2	1.0	2	10	10	7	5	10	13	1	0	1
c	084	66	0	0	12	11	0.8571428571428571	0	13	13	7	5	0	0	1	0	0
c	085	30	5	1	5	6	0.9090909090909091	1	10	10	7	5	5	11	1	0	0
c	086	21	2	0	2	3	1.0	2	10	10	4	3	2	11	1	0	0
c	087	31	4	0	4	7	0.8181818181818182	0	10	10	6	6	4	7	1	0	0
c	088	20	5	2	3	2	0.9	2	8	8	6	6	9	13	1	0	1
c	089	37	5	0	4	6	0.9230769230769231	1	14	14	7	5	5	14	1	0	0
c	090	23	4	1	4	4	0.9	2	10	10	4	4	4	11	1	0	0
c	091	29	2	0	6	6	0.8	0	5	5	6	6	7	4	1	0	0
c	092	21	6	1	3	2	0.9	1	10	9	5	6	9	14	1	0	3
c	093	35	5	0	5	5	0.9285714285714286	1	13	12	6	7	12	19	1	0	4
c	094	40	6	0	6	6	0.8571428571428571	0	12	12	9	9	9	11	1	0	0
c	095	17	3	0	2	2	0.8571428571428571	2	8	8	5	3	3	8	1	0	0
c	096	29	6	1	3	5	0.7692307692307693	2	11	12	7	6	6	12	1	0	0
c	097	27	3	0	4	6	0.9	2	10	10	5	4	3	10	1	0	0
c	098	21	9	1	3	1	0.7692307692307693	2	9	9	4	4	9	16	1	0	4
c	099	28	5	1	3	2	1.0	1	12	11	6	7	14	17	1	0	3
d	000	34	6	0	4	5	0.5714285714285714	1	8	9	14	15	15	9	1	1	0
d	001	30	7	2	4	4	0.6428571428571429	2	6	7	11	11	16	10	1	1	2
d	002	33	5	0	7	6	0.6153846153846154	1	6	7	11	13	12	7	1	1	0
d	003	24	6	0	4	4	0.4166666666666667	1	3	4	10	12	12	4	1	1	0
d	004	33	2	0	6	5	0.6153846153846154	0	4	4	11	14	14	5	1	1	1
d	005	37	6	1	7	6	0.6923076923076923	1	6	7	11	12	9	7	1	1	0
d	006	48	8	0	7	9	0.6470588235294118	2	11	11	19	19	19	10	1	1	0
d	007	30	11	0	2	3	0.4444444444444444	2	7	7	18	18	22	10	1	1	2
d	008	23	6	1	4	4	0.7	1	3	5	10	8	10	4	1	1	0
d	009	21	6	1	4	4	0.6	1	3	4	10	8	10	3	1	1	0
d	010	26	7	0	2	3	0.5	1	7	7	13	15	16	9	1	0	1
d	011	22	7	0	2	2	0.4166666666666667	1	4	6	11	13	13	6	1	1	0
d	012	29	4	0	6	5	0.5454545454545454	1	1	4	6	9	4	1	1	1	0
d	013	27	5	0	6	5	0.5833333333333334	1	5	5	9	11	11	7	1	1	0
d	014	37	2	0	7	3	0.6428571428571429	1	5	6	11	13	10	10	1	1	3
d	015	36	2	0	5	4	0.8333333333333334	0	10	10	9	12	9	10	1	1	0
d	016	29	6	0	5	5	0.6153846153846154	1	5	6	10	12	13	7	1	1	1
d	017	36	5	0	7	5	0.5714285714285714	0	7	6	13	14	13	8	1	1	1
d	018	20	3	0	3	3	0.6666666666666666	2	2	5	8	10	13	5	1	1	1
d	019	56	3	2	8	5	0.7647058823529411	2	11	14	17	15	6	13	1	1	0
d	020	21	3	0	4	4	0.6666666666666666	0	4	4	7	5	6	6	1	1	0
d	021	25	7	0	2	2	0.5384615384615384	1	7	7	11	13	15	10	1	1	1
d	022	29	8	0	3	2	0.5714285714285714	1	8	9	12	14	15	12	1	1	0
d	023	24	5	0	3	2	0.5833333333333334	1	3	4	9	12	15	8	1	1	2
d	024	28	9	0	2	4	0.6	1	8	7	11	13	18	11	1	1	1
d	025	26	5	0	3	2	0.5833333333333334	1	5	7	10	13	14	10	1	1	1
d	026	46	5	0	9	9	0.5882352941176471	1	5	8	15	15	14	6	1	1	0
d	027	76	0	0	10	10	0.7142857142857143	0	7	7	10	14	0	0	1	1	0
d	028	29	6	0	3	3	0.42857142857142855	1	6	5	14	17	17	7	1	1	0
d	029	38	5	0	8	6	0.6153846153846154	1	8	6	13	14	10	7	1	1	0
d	030	42	0	0	8	5	0.42857142857142855	0	3	3	12	14	2	2	1	1	0
d	031	21	3	0	4	2	0.6666666666666666	1	3	5	6	8	8	6	1	1	1
d	032	36	5	0	9	5	0.375	1	2	2	15	19	16	2	1	1	0
d	033	26	3	1	6	5	0.7777777777777778	1	2	7	8	9	8	5	1	1	0
d	034	24	6	0	2	2	0.5	1	6	7	11	14	14	8	1	1	0
d	035	37	4	0	6	6	0.5714285714285714	1	4	6	12	11	11	5	1	1	0
d	036	60	2	0	11	10	0.75	2	9	9	17	19	12	8	1	1	0
d	037	32	6	0	6	5	0.42857142857142855	1	1	5	12	12	10	2	1	1	0
d	038	30	6	1	5	4	0.6153846153846154	1	5	8	11	13	13	8	1	1	0
d	039	90	0	0	15	13	0.8333333333333334	0	19	19	19	21	0	0	1	2	0
d	040	22	6	0	4	4	0.45454545454545453	1	3	4	10	10	11	4	1	1	0
d	041	27	6	0	3	3	0.42857142857142855	1	3	5	12	16	17	7	1	1	2
d	042	32	6	0	4	3	0.6153846153846154	1	9	9	13	14	14	10	1	1	0
d	043	29	5	0	5	6	0.5	1	5	5	10	13	12	4	1	1	0
d	044	30	5	0	5	3	0.75	1	8	9	9	11	11	11	1	1	0
d	045	25	4	1	6	4	0.6363636363636364	2	3	3	8	13	13	6	1	1	1
d	046	26	7	1	5	3	0.5384615384615384	2	3	6	10	13	13	8	1	1	0
d	047	22	6	0	4	3	0.3333333333333333	1	2	3	11	12	12	2	1	1	0
d	048	37	5	0	6	8	0.8333333333333334	2	8	8	9	11	9	7	1	1	0
d	049	35	4	1	8	5	0.75	1	3	6	11	12	12	6	1	1	1
d	050	32	5	0	4	2	0.7692307692307693	1	11	12	11	14	15	16	1	1	1
d	051	35	5	0	5	5	0.6153846153846154	1	5	8	10	9	8	7	1	1	0
d	052	27	5	0	3	2	0.6153846153846154	1	7	7	11	13	16	12	1	1	2
d	053	39	7	1	9	6	0.625	1	3	7	17	18	20	8	1	1	1
d	054	16	6	0	2	1	0.4	1	2	3	7	10	10	4	1	1	0
d	055	30	6	2	7	5	0.6153846153846154	2	4	5	14	14	15	4	1	1	0
d	056	23	3	0	4	5	0.6	0	4	4	8	8	5	4	1	1	0
d	057	43	0	2	5	4	0.6666666666666666	1	8	10	15	16	11	11	1	1	1
d	058	50	0	0	8	8	0.75	0	12	12	20	20	21	13	1	1	0
d	059	24	2	1	3	3	0.7	2	4	6	7	9	8	8	1	1	0
d	060	44	2	1	7	7	0.6666666666666666	1	4	5	13	14	11	6	1	1	0
d	061	32	6	0	4	4	0.5714285714285714	1	8	7	12	15	15	9	1	1	0
d	062	68	0	0	10	10	0.7142857142857143	0	9	9	12	16	0	0	1	1	0
d	063	48	4	0	9	9	0.8	2	7	11	13	14	12	9	1	1	0
d	064	22	6	0	4	4	0.45454545454545453	1	4	4	10	11	11	4	1	1	0
d	065	31	5	0	5	4	0.6923076923076923	1	9	8	11	12	14	11	1	1	0
d	066	52	0	0	9	8	0.75	0	12	12	20	20	20	12	1	1	0
d	067	38	4	0	5	4	0.6923076923076923	2	8	9	11	13	11	8	1	1	0
d	068	31	7	2	5	4	0.6428571428571429	2	6	6	11	14	15	10	1	1	1
d	069	31	4	1	6	7	0.9	1	6	9	7	8	7	8	1	1	0
d	070	29	5	1	5	4	0.6153846153846154	1	6	7	12	13	14	9	1	1	0
d	071	40	5	0	7	7	0.7692307692307693	2	8	10	12	15	15	10	1	1	1
d	072	25	6	1	3	2	0.5384615384615384	2	3	5	8	11	14	8	1	1	2
d	073	36	6	1	8	5	0.6428571428571429	1	5	6	14	15	14	9	1	1	1
d	074	27	7	0	4	4	0.46153846153846156	1	5	6	12	13	13	6	1	1	0
d	075	30	6	0	3	4	0.42857142857142855	1	5	7	13	13	11	6	1	1	0
d	076	38	6	0	7	5	0.5	1	7	8	17	19	18	8	1	1	0
d	077	61	0	0	8	9	0.6428571428571429	0	7	7	9	13	0	0	1	1	0
d	078	30	7	0	5	3	0.5714285714285714	1	6	7	11	14	16	11	1	1	2
d	079	35	6	0	4	4	0.5714285714285714	1	8	10	14	16	15	9	1	1	0
d	080	24	5	0	5	4	0.6363636363636364	1	4	4	8	9	10	6	1	1	0
d	081	25	4	0	6	4	0.7	1	5	5	8	9	8	6	1	1	0
d	082	34	5	0	6	6	0.8181818181818182	1	6	7	8	10	8	6	1	1	0
d	083	51	2	0	10	9	0.8571428571428571	0	6	10	14	12	10	7	1	1	0
d	084	36	2	2	7	5	0.7142857142857143	1	6	7	12	14	13	10	1	1	1
d	085	27	7	0	4	3	0.5714285714285714	2	4	5	11	13	17	9	1	1	2
d	086	31	6	0	4	5	0.6153846153846154	1	4	6	9	12	12	7	1	1	1
d	087	33	5	0	4	5	0.5714285714285714	1	5	8	10	13	12	7	1	1	0
d	088	47	0	0	9	9	0.7333333333333333	0	9	9	17	17	17	10	1	1	0
d	089	46	6	0	9	6	0.6666666666666666	1	8	9	15	17	12	8	1	1	0
d	090	34	1	0	5	6	0.9	0	6	8	5	10	5	8	1	1	0
d	091	23	3	0	2	2	0.6	1	6	7	7	9	7	8	1	1	0
d	092	31	7	0	4	2	0.5714285714285714	1	9	8	13	16	16	12	1	1	0
d	093	43	2	4	6	5	0.8571428571428571	2	9	13	12	12	8	11	1	1	0
d	094	25	5	0	4	5	0.45454545454545453	1	3	3	9	10	9	1	1	1	0
d	095	29	5	0	4	4	0.5833333333333334	1	7	8	12	13	13	8	1	1	0
d	096	35	7	1	5	3	0.8333333333333334	2	11	12	13	13	12	11	1	1	0
d	097	26	7	0	3	4	0.46153846153846156	1	5	5	11	13	14	6	1	1	0
d	098	22	4	0	5	4	0.5555555555555556	1	3	3	8	7	6	3	1	1	0
d	099	31	1	0	4	3	0.6153846153846154	0	3	5	10	12	11	9	1	1	1
e	000	71	0	0	10	12	1.1818181818181819	0	16	20	7	4	0	0	1	1	0
e	001	74	0	0	10	12	1.1818181818181819	0	17	21	7	4	0	0	1	1	0
e	002	30	1	0	5	7	0.875	0	12	13	7	8	7	13	1	1	0
e	003	34	0	0	7	8	0.8	0	10	10	6	6	6	11	1	1	0
e	004	52	3	0	8	12	0.9230769230769231	0	19	20	9	8	8	20	1	1	0
e	005	40	3	0	6	9	0.8333333333333334	0	12	12	8	7	8	11	1	1	0
e	006	28	3	0	3	7	0.75	1	10	10	6	5	11	17	1	1	2
e	007	41	2	0	7	9	0.7692307692307693	1	13	14	7	6	6	16	1	1	0
e	008	42	3	0	6	12	0.9230769230769231	1	18	19	8	8	13	29	1	1	3
e	009	28	2	0	6	7	0.7777777777777778	0	8	9	5	6	6	10	1	1	0
e	010	39	2	0	8	8	0.6666666666666666	0	10	12	9	8	9	12	1	1	0
e	011	25	7	3	3	5	0.8	3	14	14	10	6	7	15	1	0	0
e	012	21	1	1	5	5	0.8571428571428571	1	7	7	4	4	3	8	1	1	0
e	013	24	2	0	4	6	0.6666666666666666	0	6	8	5	7	7	8	1	1	0
e	014	35	3	0	5	10	1.0	2	17	17	6	6	9	20	1	0	2
e	015	25	2	0	5	6	0.75	1	8	9	6	5	4	9	1	1	0
e	016	45	4	0	7	12	0.9230769230769231	1	19	20	8	7	8	21	1	1	0
e	017	34	1	0	7	7	0.8888888888888888	0	10	10	7	6	6	9	1	1	0
e	018	41	3	1	8	10	1.0833333333333333	0	15	16	7	8	13	22	1	1	1
e	019	20	1	0	4	6	1.0	1	6	8	3	4	2	7	1	1	0
e	020	28	3	0	4	7	0.6363636363636364	1	10	9	8	7	12	15	1	1	2
e	021	59	3	0	8	14	1.0769230769230769	0	28	29	11	9	10	29	1	1	0
e	022	29	4	2	4	8	1.0	2	14	14	4	5	12	23	1	0	5
e	023	25	2	1	4	7	1.1428571428571428	1	12	13	4	4	5	15	1	1	0
e	024	38	4	0	5	10	1.1	1	22	21	7	6	6	24	1	1	0
e	025	62	2	0	10	14	0.875	1	21	23	9	6	8	24	1	1	0
e	026	36	0	0	5	10	1.1111111111111112	1	18	17	5	6	6	21	1	1	1
e	027	45	1	0	7	11	1.0	1	16	16	6	6	5	17	1	1	0
e	028	38	2	0	7	9	0.9	1	14	14	6	4	4	14	1	1	0
e	029	23	1	0	6	6	0.6666666666666666	1	7	6	7	5	8	12	1	1	0
e	030	18	1	0	3	5	1.0	1	9	9	4	2	5	14	1	1	0
e	031	26	4	0	5	6	0.5454545454545454	1	6	8	7	5	8	9	1	1	0
e	032	35	2	0	7	9	1.0	0	9	10	4	4	3	9	1	1	0
e	033	26	1	1	6	5	1.1428571428571428	0	6	7	3	3	2	7	1	1	0
e	034	46	3	0	8	12	1.0	1	20	19	6	6	7	26	1	1	1
e	035	19	1	4	3	3	1.25	1	4	4	1	2	15	19	1	1	10
e	036	56	2	0	7	14	1.0769230769230769	1	22	23	6	6	5	23	1	1	0
e	037	20	1	0	3	6	0.8571428571428571	1	9	9	5	3	7	13	1	1	0
e	038	24	1	1	5	6	0.875	1	7	8	4	4	2	8	1	1	0
e	039	55	2	1	7	13	1.1538461538461537	0	26	26	6	8	7	27	1	1	0
e	040	47	2	0	8	12	1.0	1	19	22	8	7	8	23	1	1	0
e	041	37	1	3	6	10	1.1818181818181819	1	16	16	3	3	7	23	1	1	3
e	042	32	1	0	6	8	0.8888888888888888	1	12	14	5	5	5	15	1	1	0
e	043	32	4	0	5	9	0.8181818181818182	1	15	15	6	6	8	20	1	1	1
e	044	33	2	0	8	8	0.8	1	8	11	5	4	5	12	1	1	0
e	045	29	0	2	6	7	1.2857142857142858	1	10	10	3	4	1	12	1	2	0
e	046	52	0	0	10	11	0.9166666666666666	0	14	15	6	6	4	13	1	1	0
e	047	35	1	1	6	9	0.8333333333333334	1	13	12	8	8	14	21	1	1	4
e	048	26	3	4	4	6	1.1111111111111112	1	10	9	3	3	6	14	1	1	1
e	049	46	2	0	7	11	0.9166666666666666	0	18	19	6	6	6	20	1	1	0
e	050	37	1	0	6	9	1.0	1	15	15	5	5	4	16	1	1	0
e	051	50	1	1	9	11	0.9230769230769231	0	17	17	8	6	7	18	1	1	0
e	052	22	1	0	3	6	0.8571428571428571	0	9	11	5	5	7	12	1	1	0
e	053	55	6	0	3	13	0.9285714285714286	1	33	33	17	15	16	34	1	1	0
e	054	33	5	0	3	10	1.0	1	19	20	6	8	10	22	1	1	1
e	055	38	2	0	7	9	0.9	0	13	13	6	3	3	14	1	1	0
e	056	35	3	0	5	10	0.9090909090909091	2	15	17	7	6	10	20	1	0	3
e	057	22	1	0	4	6	0.75	1	7	8	4	5	6	12	1	1	2
e	058	29	3	0	5	8	0.7272727272727273	1	10	10	6	5	9	16	1	1	2
e	059	39	3	0	6	8	0.75	0	13	14	9	8	9	14	1	1	0
e	060	33	1	0	7	8	0.8888888888888888	1	10	11	6	5	6	13	1	1	0
e	061	28	0	0	5	8	1.0	1	11	11	4	5	5	12	1	1	0
e	062	37	3	1	4	10	0.9166666666666666	1	17	19	7	5	11	24	1	1	3
e	063	27	2	0	5	6	0.875	1	10	11	6	4	4	11	1	1	0
e	064	33	1	0	6	9	1.1111111111111112	1	15	15	3	4	3	20	1	2	0
e	065	32	2	0	6	8	0.8888888888888888	0	11	13	6	5	6	13	1	1	0
e	066	30	1	1	6	7	1.0	0	10	9	6	3	6	13	1	1	1
e	067	34	2	0	6	8	1.0	0	12	14	6	4	4	13	1	1	0
e	068	46	3	0	7	11	0.9166666666666666	0	19	19	9	8	9	20	1	1	0
e	069	29	3	1	6	8	0.9	1	11	10	5	4	7	16	1	1	2
e	070	27	1	3	4	5	1.0	0	9	9	7	6	7	11	1	1	0
e	071	25	2	0	4	7	0.7777777777777778	1	9	10	6	4	8	15	1	1	1
e	072	47	1	0	8	11	0.8461538461538461	1	15	15	6	4	4	16	1	1	0
e	073	32	2	1	4	8	1.1111111111111112	2	18	18	8	6	7	22	1	0	0
e	074	39	4	0	6	10	0.9166666666666666	1	17	19	6	7	8	21	1	1	1
e	075	28	2	1	6	6	0.8888888888888888	0	7	9	5	4	3	9	1	1	0
e	076	31	9	2	4	5	0.6923076923076923	3	16	16	12	8	9	17	1	0	0
e	077	34	1	1	7	9	1.0	1	13	13	6	5	8	18	1	1	1
e	078	38	0	0	6	9	0.75	0	11	11	7	8	11	14	1	1	2
e	079	48	1	0	9	11	1.0909090909090908	0	17	18	6	5	6	18	1	1	0
e	080	51	3	0	8	12	0.9230769230769231	0	20	21	9	8	8	21	1	1	0
e	081	42	0	0	8	11	1.2	1	19	18	5	5	4	20	1	1	0
e	082	36	3	0	6	9	1.2	1	20	19	4	3	6	26	1	1	2
e	083	56	0	1	11	12	1.0769230769230769	0	19	19	6	7	6	19	1	1	0
e	084	30	2	0	5	8	1.125	0	12	15	4	5	6	15	1	1	1
e	085	34	2	0	7	8	0.8	0	8	9	7	5	4	10	1	1	0
e	086	48	1	0	8	11	0.8461538461538461	1	14	13	5	5	4	14	1	1	0
e	087	60	1	1	9	15	1.3846153846153846	1	29	29	7	9	7	32	1	1	0
e	088	61	1	0	8	11	1.0	0	16	18	5	4	1	1	1	1	0
e	089	30	1	1	6	8	1.1111111111111112	0	12	12	5	3	5	19	1	1	1
e	090	37	0	0	8	10	0.8333333333333334	0	11	13	7	6	12	21	1	1	3
e	091	32	1	0	6	8	1.0	0	11	12	4	4	2	12	1	1	0
e	092	36	4	0	6	9	0.9090909090909091	1	15	15	7	6	8	18	1	1	1
e	093	34	1	0	7	8	1.0	0	9	10	4	3	2	10	1	1	0
e	094	37	3	0	6	9	0.6923076923076923	0	13	12	9	8	11	17	1	1	1
e	095	85	0	0	11	13	1.0833333333333333	0	17	18	5	5	0	0	1	1	0
e	096	37	3	0	7	11	1.0	1	18	18	5	5	9	24	1	1	1
e	097	34	1	0	5	9	1.125	1	15	16	4	4	2	16	1	1	0
e	098	46	2	0	6	12	1.0909090909090908	1	19	20	6	4	4	20	1	1	0
e	099	47	3	0	6	12	0.9230769230769231	1	21	20	7	7	8	24	1	1	1
f	000	24	8	2	3	2	0.6666666666666666	3	7	5	9	9	10	7	1	0	0
f	001	27	9	1	3	3	0.5	3	9	8	15	12	14	9	1	0	0
f	002	29	9	4	3	2	0.8461538461538461	3	11	9	10	10	11	11	1	0	0
f	003	30	8	6	3	4	0.7142857142857143	3	12	11	9	9	8	12	1	0	0
f	004	19	7	3	2	2	0.7	4	7	6	7	6	7	8	1	0	0
f	005	26	4	1	3	4	0.6363636363636364	3	8	6	7	6	5	8	1	0	0
f	006	18	10	3	2	2	0.5833333333333334	3	6	6	9	7	10	8	1	0	1
f	007	27	10	1	2	3	0.5333333333333333	3	8	8	8	8	12	13	1	0	0
f	008	33	11	5	4	5	0.7058823529411765	4	10	10	11	11	19	21	1	0	3
f	009	37	7	7	5	5	1.0	2	13	13	11	11	11	15	1	0	0
f	010	16	3	3	2	3	1.0	3	6	6	5	4	3	6	1	0	0
f	011	56	0	0	5	8	0.7857142857142857	0	13	13	10	10	0	0	1	0	0
f	012	23	9	1	3	2	0.5384615384615384	2	7	5	8	10	11	8	1	0	0
f	013	28	9	4	4	4	0.7692307692307693	3	9	8	9	9	10	9	1	0	0
f	014	26	7	3	3	2	0.75	4	9	7	11	11	12	9	1	0	0
f	015	51	0	0	15	4	0.4666666666666667	0	3	4	11	12	1	0	1	0	0
f	016	30	8	5	4	3	0.9230769230769231	3	10	10	9	8	9	11	1	0	0
f	017	24	10	0	2	1	0.5833333333333334	3	12	11	12	9	10	12	1	0	0
f	018	24	6	4	4	3	0.75	4	6	5	10	10	12	7	1	0	0
f	019	21	7	4	2	2	0.6666666666666666	3	5	4	9	8	13	9	1	0	1
f	020	32	6	4	5	5	1.0833333333333333	2	12	11	6	10	9	13	1	0	0
f	021	25	7	3	2	2	0.6153846153846154	4	7	5	13	13	15	7	1	0	0
f	022	23	7	2	3	3	0.6666666666666666	3	7	6	7	6	7	8	1	0	0
f	023	16	4	4	2	3	0.875	4	5	4	4	4	4	6	1	0	0
f	024	16	8	1	2	1	0.36363636363636365	3	4	3	11	8	10	5	1	0	0
f	025	18	7	3	1	3	0.5454545454545454	3	4	3	7	6	7	5	1	0	0
f	026	24	10	2	3	2	0.6923076923076923	2	9	9	10	8	11	11	1	0	1
f	027	29	7	2	4	4	0.9230769230769231	4	12	11	6	6	9	16	1	0	0
f	028	18	9	0	2	2	0.3333333333333333	2	5	4	11	8	9	5	1	0	0
f	029	18	10	2	1	1	0.5	3	5	5	8	8	10	8	1	0	1
f	030	30	6	4	4	3	1.0	2	10	8	8	8	9	10	1	0	0
f	031	42	5	6	5	6	1.0	2	20	19	7	7	6	20	1	0	0
f	032	17	7	3	2	1	0.7777777777777778	4	7	7	6	6	7	9	1	0	0
f	033	26	7	3	2	5	0.6153846153846154	3	7	7	7	9	7	7	1	0	0
f	034	19	8	2	2	2	0.5454545454545454	3	7	6	10	7	8	7	1	0	0
f	035	33	0	0	4	5	0.5454545454545454	0	6	7	9	8	0	0	1	0	0
f	036	27	10	3	2	2	0.7692307692307693	4	12	12	9	9	10	14	1	0	0
f	037	25	8	1	3	2	0.6666666666666666	3	10	9	11	8	10	12	1	0	0
f	038	26	5	1	5	4	0.6363636363636364	4	7	6	8	10	10	8	1	0	0
f	039	25	7	3	3	3	0.75	3	7	6	8	8	9	7	1	0	0
f	040	27	8	4	3	3	0.8333333333333334	4	11	9	10	10	11	11	1	0	0
f	041	48	0	0	6	6	0.7142857142857143	0	7	8	9	9	0	0	1	0	0
f	042	26	10	4	2	3	0.7142857142857143	4	9	8	11	12	14	10	1	0	1
f	043	34	4	1	5	5	0.7142857142857143	4	9	9	13	15	16	11	1	0	0
f	044	24	9	1	2	1	0.5	3	7	6	14	13	15	7	1	0	0
f	045	20	9	0	3	2	0.3076923076923077	2	4	3	13	11	12	3	1	0	0
f	046	55	0	0	4	8	0.6	0	13	13	14	12	0	0	1	0	0
f	047	20	8	5	2	1	0.9	4	9	9	7	7	8	11	1	0	0
f	048	29	12	5	2	3	0.8	4	12	11	10	9	14	15	1	0	1
f	049	15	8	1	1	1	0.36363636363636365	3	3	3	10	8	10	5	1	0	0
f	050	31	10	3	4	2	0.8	3	12	12	10	9	14	18	1	0	2
f	051	27	10	3	1	2	0.6	4	8	8	12	11	16	12	1	0	2
f	052	19	10	0	2	2	0.3076923076923077	3	5	4	11	8	10	5	1	0	0
f	053	22	7	1	3	3	0.5833333333333334	3	6	6	10	9	10	6	1	0	0
f	054	33	8	3	3	5	0.7333333333333333	4	11	9	14	14	17	11	1	0	0
f	055	20	5	1	2	3	0.6	2	7	7	8	4	5	8	1	0	0
f	056	18	6	0	2	3	0.5	2	4	4	8	6	8	4	1	0	0
f	057	25	11	3	3	2	0.6428571428571429	3	10	10	12	10	12	12	1	0	0
f	058	28	8	2	4	4	0.5333333333333333	3	7	7	14	13	15	7	1	0	0
f	059	27	8	3	2	3	0.8333333333333334	4	12	11	8	8	8	13	1	0	0
f	060	27	10	1	4	3	0.5714285714285714	2	8	6	12	10	11	7	1	0	0
f	061	32	6	2	4	2	0.9230769230769231	4	14	14	9	8	11	18	1	0	0
f	062	19	8	5	3	1	0.7272727272727273	4	6	6	8	8	9	9	1	0	0
f	063	26	9	2	2	3	0.4666666666666667	4	5	5	13	14	16	7	1	0	1
f	064	25	8	2	4	3	0.6153846153846154	2	6	4	9	9	9	4	1	0	0
f	065	26	7	2	4	4	0.8181818181818182	4	13	13	4	5	7	17	1	0	2
f	066	30	13	4	3	2	0.6875	4	12	12	12	12	14	15	1	0	0
f	067	35	5	5	3	6	0.7857142857142857	3	14	13	7	5	5	14	1	0	0
f	068	50	0	0	7	7	0.7142857142857143	0	6	6	11	11	0	0	1	0	0
f	069	53	0	0	6	8	0.5714285714285714	0	8	8	11	11	0	0	1	0	0
f	070	31	9	4	3	4	0.7857142857142857	3	9	9	10	10	11	9	1	0	0
f	071	25	10	0	3	2	0.5384615384615384	3	11	10	12	9	10	11	1	0	0
f	072	28	10	4	3	3	0.7142857142857143	3	10	8	10	10	11	10	1	0	0
f	073	22	8	0	3	3	0.38461538461538464	3	5	4	12	10	13	4	1	0	0
f	074	18	8	1	2	2	0.45454545454545453	3	5	6	10	8	9	6	1	0	0
f	075	21	10	2	2	2	0.6153846153846154	4	7	7	7	7	10	11	1	0	1
f	076	35	6	0	6	6	0.6666666666666666	2	7	9	13	12	15	8	1	0	0
f	077	20	10	6	2	1	0.6923076923076923	3	6	6	8	8	10	10	1	0	1
f	078	26	8	1	3	4	0.5384615384615384	3	7	6	11	11	12	7	1	0	0
f	079	26	11	0	2	3	0.4666666666666667	3	11	10	11	11	13	12	1	0	0
f	080	26	7	6	4	2	1.0	4	10	11	6	7	8	15	1	0	0
f	081	26	8	1	3	2	0.5714285714285714	3	8	6	14	12	15	8	1	0	0
f	082	26	8	0	3	3	0.4	3	4	4	16	12	15	4	1	0	0
f	083	31	8	3	3	2	0.7857142857142857	3	11	10	11	10	13	12	1	0	0
f	084	31	9	2	3	4	0.8461538461538461	2	15	14	9	9	10	14	1	0	0
f	085	22	11	3	1	2	0.5	3	6	6	10	10	11	8	1	0	0
f	086	21	6	5	4	2	0.8181818181818182	3	4	4	8	7	10	6	1	0	0
f	087	24	11	1	3	2	0.4	2	5	3	14	12	13	4	1	0	0
f	088	19	3	2	3	3	0.875	2	7	7	5	4	3	7	1	0	0
f	089	23	8	4	3	3	0.6666666666666666	4	7	7	9	8	9	8	1	0	0
f	090	32	6	3	4	3	1.0	4	15	15	6	7	7	18	1	0	0
f	091	24	6	3	2	3	0.9	3	11	9	7	8	8	10	1	0	0
f	092	50	0	0	5	5	0.6	0	9	8	12	11	0	0	1	0	0
f	093	25	9	3	3	2	0.6428571428571429	2	7	5	11	11	13	8	1	0	0
f	094	26	9	4	3	2	0.7692307692307693	3	10	10	9	9	10	13	1	0	0
f	095	23	12	4	2	3	0.5714285714285714	3	7	7	10	10	12	8	1	0	0
f	096	21	12	3	1	2	0.5	4	6	5	10	9	12	8	1	0	0
f	097	33	9	1	3	6	0.7142857142857143	2	11	12	9	8	9	12	1	0	0
f	098	19	9	0	1	3	0.3076923076923077	2	4	3	11	8	9	4	1	0	0
f	099	27	6	2	2	3	0.5333333333333333	3	5	5	17	15	20	7	1	0	1
g	000	39	4	0	7	9	0.75	1	15	15	7	9	7	17	1	1	0
g	001	32	2	0	7	6	0.5454545454545454	0	7	7	8	10	9	7	1	1	0
g	002	35	3	0	7	6	0.46153846153846156	1	5	7	12	13	10	5	1	1	0
g	003	37	4	0	6	8	0.8333333333333334	2	14	14	9	9	9	14	1	0	0
g	004	41	2	0	9	7	0.6153846153846154	0	8	9	8	12	9	8	1	1	0
g	005	32	3	1	6	8	0.9090909090909091	2	12	14	7	10	12	18	1	0	2
g	006	25	2	1	6	5	0.6666666666666666	1	7	6	7	7	7	7	1	1	1
g	007	38	0	0	6	7	0.7	1	13	13	9	11	3	13	1	1	0
g	008	31	5	1	3	7	0.6153846153846154	1	10	11	8	11	13	14	1	1	1
g	009	44	2	0	9	9	0.5625	0	8	8	12	13	20	14	1	1	5
g	010	34	2	0	5	7	0.5384615384615384	1	9	8	10	13	15	13	1	1	1
g	011	39	1	0	7	7	0.6363636363636364	0	13	12	9	7	9	15	1	2	0
g	012	33	2	0	5	6	0.5833333333333334	0	5	9	7	9	9	7	1	1	0
g	013	32	3	0	6	7	0.5833333333333334	1	9	11	10	11	11	12	1	1	0
g	014	39	7	0	8	10	0.7333333333333333	1	13	13	9	10	14	19	1	1	3
g	015	50	2	0	11	10	0.7692307692307693	0	12	15	10	11	9	13	1	1	0
g	016	40	3	0	6	8	0.75	0	13	14	9	10	10	14	1	1	0
g	017	85	0	0	12	11	0.8571428571428571	0	15	14	8	11	0	0	1	1	0
g	018	27	2	0	6	5	0.5	0	6	5	6	9	7	6	1	1	0
g	019	34	2	0	7	7	0.7272727272727273	2	9	11	8	10	9	11	1	0	0
g	020	56	1	0	10	10	0.7333333333333333	0	12	16	11	14	11	15	1	1	0
g	021	24	2	2	3	6	0.8	1	7	8	5	7	12	15	1	1	3
g	022	33	3	0	4	7	0.5714285714285714	1	7	8	10	14	16	13	1	1	1
g	023	26	2	0	3	6	0.6	1	9	10	9	12	12	12	1	1	0
g	024	27	2	0	6	5	0.6666666666666666	1	7	8	6	9	7	8	1	1	0
g	025	30	3	1	6	5	0.5454545454545454	0	6	6	7	10	8	6	1	1	0
g	026	30	3	0	5	6	0.5	1	5	8	7	11	10	8	1	1	1
g	027	34	4	0	6	7	0.6153846153846154	1	8	10	9	11	15	14	1	1	2
g	028	38	2	2	7	7	0.6923076923076923	1	10	10	10	10	9	10	1	1	0
g	029	33	2	0	7	7	0.6363636363636364	0	8	8	6	9	8	10	1	1	0
g	030	40	5	1	8	8	0.6875	0	10	12	11	12	17	18	1	1	3
g	031	50	5	0	10	9	0.6	1	14	16	16	18	14	16	1	1	0
g	032	42	2	1	10	6	0.5833333333333334	0	8	6	6	10	5	1	1	1	0
g	033	50	3	0	10	10	0.7142857142857143	0	12	13	10	12	11	15	1	2	0
g	034	34	3	0	4	6	0.42857142857142855	1	8	8	14	16	18	10	1	1	1
g	035	45	0	0	8	8	0.75	0	11	11	8	9	4	10	1	1	0
g	036	45	2	0	7	9	0.6428571428571429	1	11	11	11	12	12	11	1	1	0
g	037	65	4	0	12	12	0.7058823529411765	1	16	17	16	18	14	16	1	1	0
g	038	49	2	0	9	10	0.7142857142857143	0	12	13	11	13	9	12	1	1	0
g	039	83	0	0	14	10	0.7058823529411765	0	10	10	9	10	0	0	1	1	0
g	040	33	2	0	7	7	0.6363636363636364	0	8	8	6	9	8	10	1	1	0
g	041	38	3	0	6	10	0.7692307692307693	0	10	10	9	8	9	9	1	0	0
g	042	26	2	0	3	6	0.6	1	10	9	8	11	12	13	1	1	0
g	043	40	3	0	8	9	0.75	1	12	14	6	9	6	15	1	1	0
g	044	51	3	1	10	9	0.6666666666666666	0	11	11	9	12	10	11	1	1	0
g	045	31	4	1	5	7	0.5714285714285714	1	7	7	10	11	16	13	1	1	1
g	046	26	2	0	3	6	0.6	1	10	9	9	12	12	12	1	1	0
g	047	29	2	0	7	5	0.6	0	5	7	7	9	8	6	1	1	0
g	048	33	3	0	5	6	0.5	1	8	10	11	13	13	10	1	1	0
g	049	21	0	0	3	5	1.0	1	6	8	3	6	9	14	1	1	3
g	050	42	2	0	5	8	0.8333333333333334	1	18	18	14	14	14	19	1	1	0
g	051	35	5	1	4	9	0.625	1	9	10	9	11	20	19	1	1	4
g	052	27	2	1	7	5	0.6666666666666666	0	5	7	6	7	5	6	1	1	0
g	053	35	3	0	7	6	0.5	1	5	6	10	11	9	4	1	1	0
g	054	24	3	1	4	4	0.5	1	6	6	7	10	8	6	1	1	0
g	055	65	0	0	11	11	0.8461538461538461	0	15	15	7	10	1	9	1	1	0
g	056	34	4	0	5	6	0.4	0	6	6	15	16	18	9	1	1	1
g	057	46	4	0	7	8	0.5	0	10	9	10	12	12	8	1	1	0
g	058	52	2	0	8	10	0.7857142857142857	0	16	18	12	14	14	17	1	1	0
g	059	36	2	1	8	7	0.6666666666666666	0	6	7	6	11	7	7	1	1	0
g	060	42	2	0	6	10	0.7142857142857143	0	14	16	12	13	15	21	1	1	0
g	061	24	1	0	4	5	0.5555555555555556	1	5	7	7	8	8	8	1	1	0
g	062	75	0	0	13	11	0.6875	0	17	17	12	18	3	6	1	1	0
g	063	31	3	0	6	5	0.5	0	6	8	11	12	12	7	1	1	0
g	064	39	1	0	9	7	0.5833333333333334	1	6	9	11	11	11	8	1	1	0
g	065	26	5	0	5	7	0.5833333333333334	1	6	7	9	7	13	11	1	1	3
g	066	43	2	1	9	8	0.75	0	10	11	10	10	6	11	1	1	0
g	067	25	3	1	5	4	0.45454545454545453	1	5	5	8	10	9	5	1	1	0
g	068	42	2	2	8	9	0.9230769230769231	2	15	15	13	14	19	17	1	0	0
g	069	36	3	0	7	7	0.5833333333333334	0	9	9	7	11	9	9	1	1	0
g	070	30	3	0	5	6	0.5454545454545454	0	6	9	7	10	9	9	1	1	0
g	071	44	4	2	8	10	1.0	3	20	22	6	10	9	25	1	0	1
g	072	59	4	0	3	13	0.8666666666666667	1	32	33	19	20	20	33	1	1	0
g	073	35	4	0	6	6	0.46153846153846156	1	8	9	11	14	12	9	1	1	0
g	074	42	1	0	6	8	0.6153846153846154	1	12	13	12	15	11	14	1	1	0
g	075	40	2	1	9	7	0.6666666666666666	0	9	10	8	11	8	10	1	1	0
g	076	38	5	0	7	8	0.6153846153846154	1	14	14	9	12	10	15	1	1	0
g	077	49	1	0	9	9	0.6428571428571429	0	11	13	13	14	14	13	1	1	1
g	078	38	4	0	8	8	0.6153846153846154	1	12	12	11	12	11	16	1	1	2
g	079	31	4	1	6	6	0.7272727272727273	0	9	8	7	8	8	9	1	1	0
g	080	34	2	1	6	7	0.6666666666666666	1	8	8	6	10	13	11	1	1	2
g	081	30	4	0	4	6	0.46153846153846156	1	6	7	10	12	14	10	1	1	1
g	082	41	3	0	8	8	0.5333333333333333	1	8	8	14	17	21	14	1	1	3
g	083	106	0	0	15	11	0.6875	0	13	15	12	16	0	0	1	1	0
g	084	31	3	0	6	6	0.5	1	5	7	8	11	9	6	1	1	0
g	085	32	3	1	6	6	0.6363636363636364	0	8	8	7	9	8	9	1	1	0
g	086	31	5	0	6	7	0.5	0	7	7	11	14	17	12	1	1	2
g	087	86	0	0	12	11	0.7333333333333333	0	16	16	9	13	0	0	1	1	0
g	088	22	4	1	4	4	0.45454545454545453	0	5	4	8	11	11	7	1	1	0
g	089	28	2	0	7	5	0.6666666666666666	0	5	7	4	8	5	6	1	1	0
g	090	23	4	1	5	4	0.7777777777777778	0	7	5	2	6	5	8	1	1	0
g	091	46	1	1	9	9	0.7142857142857143	1	12	13	9	12	10	15	1	1	0
g	092	66	2	0	11	14	0.875	0	26	27	15	18	15	27	1	1	0
g	093	33	3	0	8	7	0.5833333333333334	1	9	10	8	12	9	13	1	1	1
g	094	23	3	0	5	5	0.5	1	6	5	5	9	9	8	1	1	0
g	095	22	3	1	4	4	0.5555555555555556	0	4	6	6	8	8	6	1	1	0
g	096	37	2	3	8	7	0.8333333333333334	1	12	9	7	9	10	13	1	1	2
g	097	35	1	0	6	8	0.8	0	13	12	8	7	9	14	1	1	1
g	098	27	4	0	5	7	0.6363636363636364	1	8	10	7	8	9	12	1	1	1
g	099	36	2	1	5	11	0.9230769230769231	1	13	14	3	5	17	29	1	1	10
h	000	24	0	3	2	2	0.7777777777777778	2	5	7	13	13	13	7	1	0	0
h	001	24	5	4	2	3	0.5833333333333334	3	5	4	16	15	16	4	1	0	0
h	002	29	7	3	4	3	0.4	2	4	4	19	19	18	3	1	0	0
h	003	25	6	4	2	3	0.5384615384615384	3	5	4	17	16	17	4	1	0	0
h	004	15	5	1	2	2	0.4444444444444444	2	2	2	10	9	10	1	1	0	0
h	005	26	4	4	4	3	0.6153846153846154	3	2	2	17	15	20	4	1	0	2
h	006	20	6	3	2	2	0.5454545454545454	3	4	3	13	12	13	3	1	0	0
h	007	20	5	2	1	3	0.5	3	1	2	14	12	16	2	1	0	1
h	008	24	7	4	3	3	0.5714285714285714	2	2	3	17	14	20	4	1	0	1
h	009	28	6	4	3	3	0.5714285714285714	3	5	4	18	17	18	4	1	0	0
h	010	27	5	5	2	3	0.6923076923076923	3	6	4	17	16	18	5	1	0	0
h	011	37	7	5	5	2	0.75	3	8	9	20	17	18	9	1	0	0
h	012	26	6	3	5	2	0.6666666666666666	2	5	3	16	15	16	3	1	0	0
h	013	28	6	1	4	3	0.5	3	3	3	17	15	16	1	1	0	0
h	014	22	4	4	3	3	0.6363636363636364	3	4	3	15	13	16	5	1	0	0
h	015	42	6	7	8	4	0.8666666666666667	3	10	7	19	19	16	7	1	0	0
h	016	26	6	2	3	3	0.46153846153846156	3	4	2	17	15	15	2	1	0	0
h	017	24	6	4	2	2	0.5833333333333334	3	6	4	16	15	16	4	1	0	0
h	018	23	6	5	1	2	0.5833333333333334	3	6	5	16	15	16	5	1	0	0
h	019	32	6	2	6	3	0.6	3	3	3	20	18	22	3	1	0	0
h	020	47	3	4	11	3	0.8666666666666667	0	7	5	21	20	15	4	1	0	0
h	021	30	5	3	3	3	0.5714285714285714	3	5	3	19	18	19	3	1	0	0
h	022	29	6	2	3	2	0.4	3	4	2	22	19	21	2	1	0	0
h	023	42	6	5	8	4	0.8125	2	6	4	20	18	16	5	1	0	0
h	024	31	6	5	8	3	0.7142857142857143	2	4	3	21	19	23	5	1	0	1
h	025	22	7	2	3	1	0.5833333333333334	3	4	2	14	11	14	2	1	0	0
h	026	26	8	1	3	4	0.6923076923076923	3	4	2	12	11	13	1	1	0	0
h	027	22	6	4	2	2	0.5833333333333334	3	4	3	15	13	15	4	1	0	0
h	028	20	5	2	3	3	0.6	3	4	2	12	10	11	2	1	0	0
h	029	22	4	5	4	2	0.8	3	5	4	14	12	14	5	1	0	1
h	030	26	8	2	3	2	0.42857142857142855	3	5	2	18	16	17	2	1	0	0
h	031	28	9	3	4	3	0.375	3	4	3	21	19	19	3	1	0	0
h	032	28	5	0	6	4	0.46153846153846156	3	3	2	18	16	15	0	1	0	0
h	033	26	9	6	2	2	0.5333333333333333	3	6	5	18	17	18	6	1	0	0
h	034	19	5	3	2	2	0.6	3	4	3	12	11	12	3	1	0	0
h	035	27	6	2	3	2	0.5384615384615384	3	5	2	17	15	16	2	1	0	0
h	036	28	8	5	4	3	0.6	3	5	5	19	16	18	5	1	0	0
h	037	21	8	3	2	2	0.46153846153846156	3	3	3	15	13	15	3	1	0	0
h	038	22	5	2	2	2	0.5454545454545454	3	4	3	14	13	14	2	1	0	0
h	039	67	0	0	11	8	0.6875	0	6	5	22	20	0	0	1	0	0
h	040	23	5	3	2	2	0.5	3	4	3	16	15	16	3	1	0	0
h	041	26	5	4	4	2	0.75	2	5	3	15	13	15	4	1	0	0
h	042	27	7	4	2	3	0.5333333333333333	3	4	4	19	17	20	4	1	0	0
h	043	31	5	2	5	4	0.6923076923076923	3	5	2	14	14	12	2	1	0	0
h	044	26	5	4	4	3	0.6153846153846154	2	4	3	16	14	17	4	1	0	1
h	045	31	5	4	5	3	0.5333333333333333	3	4	3	22	20	22	4	1	0	1
h	046	40	7	6	8	3	0.9333333333333333	1	7	6	19	17	17	6	1	0	0
h	047	17	6	3	1	2	0.5	3	4	3	12	11	12	3	1	0	0
h	048	23	4	2	2	2	0.6363636363636364	3	4	3	14	13	15	2	1	0	0
h	049	26	6	1	4	4	0.46153846153846156	3	3	2	17	14	15	1	1	0	0
h	050	31	5	3	4	4	0.6923076923076923	3	6	3	17	15	15	3	1	0	0
h	051	23	4	1	4	3	0.7	3	4	3	12	10	11	1	1	0	0
h	052	26	5	3	2	2	0.5384615384615384	3	4	3	18	15	17	3	1	0	0
h	053	29	6	3	6	4	0.5714285714285714	2	4	4	17	16	15	3	1	0	0
h	054	25	6	3	3	3	0.5833333333333334	3	5	3	15	13	13	3	1	0	0
h	055	32	5	2	6	3	0.6923076923076923	2	5	4	17	15	15	2	1	0	0
h	056	30	5	4	5	4	0.7857142857142857	1	4	2	14	12	15	4	1	0	2
h	057	28	7	1	5	3	0.5	2	3	2	16	14	14	1	1	0	0
h	058	37	5	4	6	4	0.75	2	6	4	17	14	16	4	2	0	1
h	059	29	8	3	3	2	0.4375	3	5	3	21	20	21	3	1	0	0
h	060	19	6	3	1	2	0.45454545454545453	3	4	3	14	13	14	3	1	0	0
h	061	39	6	5	5	5	0.75	3	8	5	21	19	19	5	1	0	0
h	062	26	8	2	3	4	0.42857142857142855	3	4	2	17	15	15	2	1	0	0
h	063	24	6	5	2	2	0.6666666666666666	3	6	5	16	13	15	5	1	0	0
h	064	18	4	3	2	2	0.5	3	3	2	14	12	14	3	1	0	0
h	065	18	5	3	1	2	0.5	3	4	3	13	12	13	3	1	0	0
h	066	32	8	3	3	3	0.5	3	6	3	21	19	20	3	1	0	0
h	067	30	4	3	5	2	0.6153846153846154	3	4	3	19	18	19	3	1	0	0
h	068	22	6	3	2	2	0.5	3	4	3	15	14	15	3	1	0	0
h	069	27	6	5	2	2	0.6923076923076923	3	7	5	17	15	17	5	1	0	0
h	070	26	5	4	3	1	0.8333333333333334	3	6	4	14	13	15	4	1	0	0
h	071	30	6	3	3	2	0.5714285714285714	3	6	3	19	17	18	3	1	0	0
h	072	28	4	5	5	3	0.6153846153846154	3	4	3	18	18	19	5	1	0	2
h	073	30	7	2	5	3	0.5	3	5	2	18	16	15	2	1	0	0
h	074	20	3	1	5	3	0.75	2	3	3	10	7	6	1	1	0	0
h	075	36	8	3	8	4	0.5	1	4	4	20	19	15	3	1	0	0
h	076	28	7	2	5	4	0.5	3	4	2	17	16	15	2	1	0	0
h	077	31	8	2	5	4	0.5333333333333333	2	4	3	18	15	15	2	1	0	0
h	078	30	7	9	1	2	0.7857142857142857	3	10	9	19	18	19	9	1	0	0
h	079	26	9	3	3	3	0.375	3	3	2	20	19	22	3	1	0	1
h	080	50	0	0	8	5	0.5714285714285714	0	6	6	18	18	0	0	1	0	0
h	081	12	4	2	2	2	0.5714285714285714	2	2	3	8	6	7	2	1	0	0
h	082	58	0	0	9	7	0.6	0	6	4	20	17	0	0	1	0	0
h	083	43	6	5	10	4	0.75	2	6	5	21	21	16	5	1	0	1
h	084	29	0	1	1	2	0.21428571428571427	4	2	2	25	25	26	1	1	0	0
h	085	18	5	5	2	2	0.7	3	4	3	12	10	12	5	1	0	0
h	086	20	3	2	2	2	0.5	3	3	2	15	12	14	2	1	0	0
h	087	42	8	3	6	6	0.6666666666666666	3	6	3	23	23	24	3	1	1	0
h	088	25	5	3	4	3	0.5833333333333334	3	4	3	16	14	14	3	1	0	0
h	089	23	6	4	3	2	0.5833333333333334	3	5	4	16	14	15	4	1	0	0
h	090	30	6	4	6	3	0.7692307692307693	2	5	4	14	11	10	4	1	0	0
h	091	29	6	6	2	2	0.6428571428571429	3	7	6	20	17	19	6	1	0	0
h	092	32	7	1	5	3	0.5	3	5	3	17	16	14	1	1	0	0
h	093	16	2	3	2	2	0.75	3	2	2	10	7	11	3	1	0	2
h	094	32	6	0	4	4	0.46153846153846156	3	5	2	16	15	12	0	1	0	0
h	095	20	5	4	2	2	0.5454545454545454	3	4	2	14	13	14	4	1	0	0
h	096	40	4	3	6	5	0.75	2	6	2	19	18	17	3	1	0	0
h	097	31	5	3	4	2	0.6428571428571429	3	5	3	18	16	17	3	1	0	0
h	098	17	5	2	1	2	0.4	3	3	2	13	12	13	2	1	0	0
h	099	29	4	2	5	3	0.6666666666666666	3	5	3	18	16	17	2	1	0	0
i	000	24	0	0	4	4	0.4	0	4	4	6	6	0	0	2	0	0
i	001	18	4	1	2	2	0.45454545454545453	1	4	4	10	9	8	1	2	0	0
i	002	26	0	0	0	2	0.13333333333333333	0	4	4	13	13	0	0	2	0	0
i	003	9	9	0	0	1	0.07692307692307693	2	2	2	9	9	9	1	2	0	0
i	004	10	10	0	0	1	0.08333333333333333	4	2	2	10	10	10	0	2	0	0
i	005	25	1	0	8	3	0.2727272727272727	0	4	4	9	9	1	1	2	0	0
i	006	11	11	0	0	1	0.07692307692307693	2	2	2	11	11	11	1	2	0	0
i	007	11	11	0	0	1	0.07692307692307693	2	2	2	11	11	11	1	2	0	0
i	008	9	9	0	0	1	0.09090909090909091	2	2	2	9	9	9	1	2	0	0
i	009	22	0	0	0	2	0.15384615384615385	0	4	4	11	11	0	0	2	0	0
i	010	9	9	0	0	1	0.1	2	2	2	9	9	9	1	2	0	0
i	011	11	9	1	0	1	0.16666666666666666	1	2	3	9	10	9	2	2	0	0
i	012	8	8	0	0	1	0.1	2	2	2	8	8	8	1	2	0	0
i	013	14	14	0	0	1	0.06666666666666667	2	2	2	14	14	14	1	2	0	0
i	014	6	6	0	0	1	0.1111111111111111	2	2	2	6	6	6	1	2	0	0
i	015	13	11	0	0	2	0.14285714285714285	2	2	2	11	11	11	1	2	0	0
i	016	12	10	1	0	1	0.15384615384615385	1	3	2	10	11	10	2	2	0	0
i	017	20	0	0	0	2	0.16666666666666666	0	4	4	10	10	0	0	2	0	0
i	018	7	7	0	0	1	0.1111111111111111	2	2	2	7	7	7	1	2	0	0
i	019	9	9	0	0	1	0.09090909090909091	2	2	2	9	9	9	1	2	0	0
i	020	20	8	0	2	2	0.21428571428571427	1	3	4	10	11	8	1	2	0	0
i	021	12	7	3	1	1	0.3333333333333333	2	3	4	9	8	9	4	2	0	0
i	022	20	0	0	0	2	0.16666666666666666	0	4	4	10	10	0	0	2	0	0
i	023	15	11	0	0	1	0.14285714285714285	2	3	3	13	13	11	0	2	0	0
i	024	16	13	2	1	1	0.2	2	3	4	14	13	13	3	2	0	0
i	025	10	6	2	0	2	0.36363636363636365	1	2	3	7	6	6	2	2	0	0
i	026	9	9	0	0	1	0.09090909090909091	2	2	2	9	9	9	1	2	0	0
i	027	10	10	0	0	1	0.08333333333333333	2	2	2	10	10	10	1	2	0	0
i	028	10	8	1	0	1	0.2	1	2	3	8	9	8	2	2	0	0
i	029	8	8	0	0	1	0.09090909090909091	2	2	2	8	8	8	1	2	0	0
i	030	10	10	0	0	1	0.09090909090909091	2	2	2	10	10	10	1	2	0	0
i	031	14	14	0	0	1	0.0625	4	2	2	14	14	14	0	2	0	0
i	032	15	8	0	1	2	0.2857142857142857	1	3	3	9	9	8	1	2	0	0
i	033	17	14	2	1	1	0.1875	2	2	2	13	13	14	2	2	0	0
i	034	15	6	1	2	3	0.38461538461538464	0	5	5	7	6	7	4	2	0	0
i	035	22	0	0	0	2	0.15384615384615385	0	4	4	11	11	0	0	2	0	0
i	036	11	9	0	0	2	0.15384615384615385	1	2	2	9	9	9	1	2	0	0
i	037	14	6	0	1	1	0.36363636363636365	1	3	3	8	8	8	1	2	0	0
i	038	7	7	0	0	1	0.25	2	2	2	6	6	7	2	2	0	0
i	039	26	0	0	0	2	0.14285714285714285	0	4	4	13	13	0	0	2	0	0
i	040	10	8	1	0	2	0.26666666666666666	2	2	2	8	8	8	1	2	0	0
i	041	12	12	1	0	1	0.14285714285714285	2	2	2	12	12	12	1	2	0	0
i	042	10	10	0	0	1	0.09090909090909091	2	2	2	10	10	10	1	2	0	0
i	043	12	12	0	0	1	0.07692307692307693	2	2	2	12	12	12	1	2	0	0
i	044	8	8	0	0	1	0.1	2	2	2	8	8	8	1	2	0	0
i	045	12	10	1	0	1	0.15384615384615385	1	2	3	10	11	10	2	2	0	0
i	046	11	11	0	0	1	0.07142857142857142	4	2	2	11	11	11	0	2	0	0
i	047	13	13	0	0	1	0.0625	2	2	2	13	13	13	1	2	0	0
i	048	22	0	0	0	2	0.15384615384615385	0	4	4	11	11	0	0	2	0	0
i	049	7	7	0	0	1	0.1	2	2	2	7	7	7	1	2	0	0
i	050	11	11	0	0	1	0.07692307692307693	2	2	2	11	11	11	1	2	0	0
i	051	19	0	1	1	2	0.25	0	4	4	9	7	0	1	2	0	0
i	052	10	10	0	0	1	0.07692307692307693	2	2	2	10	10	10	1	2	0	0
i	053	11	9	0	0	2	0.14285714285714285	1	2	2	9	9	9	1	2	0	0
i	054	14	11	2	1	1	0.21428571428571427	2	3	4	12	11	11	3	2	0	0
i	055	11	11	0	0	1	0.08333333333333333	2	2	2	11	11	11	1	2	0	0
i	056	18	7	2	3	3	0.38461538461538464	2	4	4	8	8	7	2	2	0	0
i	057	11	9	1	0	1	0.18181818181818182	4	3	3	10	10	9	2	2	0	0
i	058	10	10	0	0	1	0.08333333333333333	2	2	2	10	10	10	1	2	0	0
i	059	24	2	0	2	5	0.38461538461538464	0	5	5	9	9	18	14	2	2	4
i	060	8	8	0	0	1	0.1111111111111111	2	2	2	8	8	8	1	2	0	0
i	061	13	6	2	1	2	0.2857142857142857	2	3	4	8	7	8	4	2	0	0
i	062	5	5	0	0	1	0.125	2	2	2	5	5	5	1	2	0	0
i	063	8	8	0	0	2	0.2	2	2	2	7	7	8	1	2	0	0
i	064	10	10	0	0	1	0.08333333333333333	2	2	2	10	10	10	1	2	0	0
i	065	12	12	0	0	1	0.07692307692307693	2	2	2	12	12	12	1	2	0	0
i	066	12	8	0	0	2	0.16666666666666666	1	2	2	9	9	8	1	2	0	0
i	067	8	8	0	0	1	0.1	2	2	2	8	8	8	1	2	0	0
i	068	26	0	0	0	2	0.13333333333333333	0	4	4	13	13	0	0	2	0	0
i	069	13	11	1	0	1	0.15384615384615385	1	2	2	12	10	11	2	2	0	0
i	070	13	11	0	0	2	0.15384615384615385	2	2	2	11	11	11	1	2	0	0
i	071	13	13	0	0	1	0.06666666666666667	2	2	2	13	13	13	1	2	0	0
i	072	12	12	0	0	1	0.0625	2	2	2	12	12	12	1	2	0	0
i	073	11	7	1	0	2	0.23076923076923078	2	3	3	8	7	9	3	2	0	0
i	074	8	8	0	0	1	0.09090909090909091	2	2	2	8	8	8	1	2	0	0
i	075	6	6	0	0	1	0.125	2	2	2	6	6	6	1	2	0	0
i	076	14	7	1	1	3	0.3076923076923077	1	4	3	8	6	8	4	2	0	0
i	077	12	12	0	0	1	0.07142857142857142	2	2	2	12	12	12	1	2	0	0
i	078	16	12	0	0	1	0.13333333333333333	3	3	4	14	13	12	3	2	0	0
i	079	10	10	0	0	1	0.08333333333333333	2	2	2	10	10	10	1	2	0	0
i	080	22	0	0	0	2	0.16666666666666666	0	4	4	11	11	0	0	2	0	0
i	081	9	9	0	0	1	0.08333333333333333	2	2	2	9	9	9	1	2	0	0
i	082	9	9	0	0	1	0.08333333333333333	2	2	2	9	9	9	1	2	0	0
i	083	8	8	0	0	1	0.09090909090909091	2	2	2	8	8	8	1	2	0	0
i	084	10	10	0	0	1	0.08333333333333333	2	2	2	10	10	10	1	2	0	0
i	085	11	11	0	0	1	0.08333333333333333	2	2	2	11	11	11	1	2	0	0
i	086	9	9	0	0	1	0.09090909090909091	2	2	2	9	9	9	1	2	0	0
i	087	10	10	0	0	1	0.08333333333333333	2	2	2	10	10	10	1	2	0	0
i	088	10	10	0	0	1	0.09090909090909091	2	2	2	10	10	10	1	2	0	0
i	089	9	9	0	0	1	0.08333333333333333	2	2	2	9	9	9	1	2	0	0
i	090	33	0	0	11	3	0.25	0	6	6	11	11	0	0	2	0	0
i	091	11	9	1	0	1	0.15384615384615385	4	3	3	10	10	9	2	2	0	0
i	092	8	8	1	0	1	0.16666666666666666	2	2	2	8	8	8	1	2	0	0
i	093	8	8	0	0	1	0.1	2	2	2	8	8	8	1	2	0	0
i	094	12	7	2	1	2	0.3076923076923077	2	3	4	8	7	7	3	2	0	0
i	095	9	9	0	0	1	0.08333333333333333	2	2	2	9	9	9	1	2	0	0
i	096	13	13	0	0	1	0.07142857142857142	2	2	2	13	13	13	1	2	0	0
i	097	10	10	0	0	1	0.08333333333333333	2	2	2	10	10	10	1	2	0	0
i	098	11	11	0	0	1	0.07692307692307693	2	2	2	11	11	11	1	2	0	0
i	099	60	0	0	15	4	0.23529411764705882	0	8	8	15	15	0	0	2	0	0
j	000	19	6	2	2	3	0.5384615384615384	2	4	4	11	10	12	3	2	0	0
j	001	13	9	3	1	1	0.3333333333333333	2	4	5	9	10	9	4	2	0	0
j	002	16	9	3	1	1	0.35714285714285715	2	3	3	11	12	14	4	2	0	1
j	003	34	0	0	4	4	0.5	0	6	8	12	12	0	0	2	0	0
j	004	32	0	0	3	3	0.46153846153846156	0	6	6	11	11	0	0	2	0	0
j	005	23	10	4	2	1	0.5333333333333333	1	5	6	13	12	12	4	2	0	0
j	006	30	0	2	4	3	0.8181818181818182	0	10	6	7	7	0	3	2	0	0
j	007	13	6	2	1	1	0.45454545454545453	2	3	4	8	9	10	3	2	0	0
j	008	13	6	2	2	1	0.5	1	3	5	7	7	7	3	2	0	0
j	009	19	8	2	2	2	0.42857142857142855	2	4	4	12	11	12	3	2	0	0
j	010	11	8	2	1	1	0.2727272727272727	4	3	4	8	9	8	2	2	0	0
j	011	11	2	2	3	1	0.8333333333333334	1	4	4	4	5	4	3	2	0	0
j	012	14	10	2	0	1	0.3076923076923077	2	3	2	10	10	12	3	2	0	0
j	013	18	7	3	2	1	0.5833333333333334	1	4	6	9	9	9	4	2	0	0
j	014	21	8	3	3	2	0.5384615384615384	1	3	5	10	12	11	4	2	0	0
j	015	21	7	2	3	2	0.5384615384615384	4	5	6	9	10	12	7	2	0	0
j	016	17	10	5	1	2	0.5714285714285714	2	4	4	8	8	14	7	2	0	2
j	017	15	9	4	0	1	0.35714285714285715	2	3	3	11	11	13	5	2	0	1
j	018	16	8	2	1	2	0.3076923076923077	4	3	5	12	12	12	2	2	0	0
j	019	23	7	2	3	3	0.42857142857142855	2	4	5	15	15	15	3	2	0	0
j	020	18	9	2	1	2	0.42857142857142855	2	4	3	11	11	14	4	2	0	1
j	021	42	0	0	4	7	0.6428571428571429	0	6	8	11	11	0	0	2	0	0
j	022	16	5	1	2	3	0.38461538461538464	2	3	4	9	9	9	2	2	0	0
j	023	21	4	2	2	1	0.4666666666666667	2	3	5	13	13	15	3	2	0	0
j	024	11	7	2	0	2	0.4	2	3	3	7	8	9	3	2	0	0
j	025	15	8	2	1	1	0.4166666666666667	2	4	3	9	10	10	3	2	0	0
j	026	22	5	4	3	2	0.8333333333333334	0	5	7	7	6	6	5	2	0	0
j	027	19	9	1	1	2	0.35714285714285715	1	4	5	10	13	13	5	2	0	0
j	028	19	7	4	2	2	0.6666666666666666	2	5	6	11	10	12	5	2	0	0
j	029	17	6	2	2	1	0.5	2	3	4	9	9	10	3	2	0	0
j	030	15	8	6	1	1	0.5384615384615384	4	4	4	9	9	12	6	2	0	2
j	031	22	10	1	3	2	0.42857142857142855	2	2	3	13	13	13	1	1	0	0
j	032	27	6	1	5	4	0.5	1	8	7	11	12	8	5	2	0	0
j	033	17	8	1	2	1	0.4166666666666667	1	3	4	10	10	10	2	2	0	0
j	034	14	8	4	1	1	0.5	2	4	5	8	9	10	5	2	0	0
j	035	14	5	3	2	1	0.6	2	4	4	6	7	7	4	2	0	0
j	036	28	0	0	3	3	0.3076923076923077	0	4	5	10	11	0	0	2	0	0
j	037	18	6	5	2	1	0.7272727272727273	3	7	9	8	8	7	8	2	0	0
j	038	20	11	4	3	1	0.4666666666666667	2	4	4	12	12	13	5	2	0	0
j	039	16	9	7	1	1	0.5714285714285714	2	6	6	9	9	11	8	2	0	1
j	040	16	5	0	2	2	0.4	2	3	3	8	10	9	1	2	0	0
j	041	22	9	4	2	3	0.6666666666666666	1	5	7	9	9	10	5	2	0	0
j	042	26	6	0	4	5	0.35714285714285715	3	4	7	13	13	14	3	2	0	0
j	043	43	0	0	4	7	0.4375	0	6	5	14	13	0	0	2	0	0
j	044	34	0	0	4	5	0.5384615384615384	0	6	5	10	10	0	0	2	0	0
j	045	12	6	1	0	1	0.36363636363636365	1	2	3	6	7	6	2	2	0	0
j	046	12	6	3	0	2	0.5	2	3	3	7	7	8	4	2	0	0
j	047	15	12	1	1	2	0.25	2	4	4	11	11	12	4	2	0	0
j	048	13	7	2	2	1	0.36363636363636365	1	4	4	8	9	8	3	2	0	0
j	049	12	4	3	2	1	0.8571428571428571	1	4	5	4	5	4	4	2	0	0
j	050	22	10	3	2	3	0.5333333333333333	1	4	5	10	11	10	4	2	0	0
j	051	20	11	2	2	3	0.3333333333333333	2	3	5	14	14	14	3	2	0	0
j	052	20	7	3	2	2	0.42857142857142855	2	4	5	14	13	14	4	2	0	0
j	053	12	5	2	2	1	0.5555555555555556	1	4	4	5	6	5	3	2	0	0
j	054	24	7	3	2	2	0.6	1	6	5	10	9	12	6	2	0	0
j	055	15	9	5	1	1	0.46153846153846156	2	5	5	10	10	11	6	2	0	0
j	056	13	5	1	2	2	0.4	2	3	4	8	8	8	2	2	0	0
j	057	9	6	2	1	1	0.3	2	3	4	6	7	6	3	2	0	0
j	058	18	5	4	1	2	0.5454545454545454	1	7	7	7	9	5	5	2	0	0
j	059	15	9	4	1	2	0.46153846153846156	2	5	5	9	9	11	7	2	0	0
j	060	18	8	1	1	1	0.35714285714285715	4	3	3	11	11	12	1	2	0	0
j	061	17	12	1	1	1	0.2	1	3	4	14	14	14	2	2	0	0
j	062	13	6	2	1	1	0.4166666666666667	2	3	4	6	7	6	3	2	0	0
j	063	15	8	2	1	2	0.4166666666666667	2	3	4	8	9	8	3	2	0	0
j	064	17	9	2	2	2	0.38461538461538464	1	4	4	10	11	10	3	2	0	0
j	065	22	6	1	3	3	0.38461538461538464	2	6	7	11	12	9	4	2	0	0
j	066	20	10	1	3	1	0.42857142857142855	1	3	4	11	11	11	2	2	0	0
j	067	17	9	4	1	2	0.5	2	5	6	8	9	9	5	2	0	0
j	068	21	8	3	3	1	0.5714285714285714	1	3	5	10	10	10	4	2	0	0
j	069	13	7	3	2	1	0.45454545454545453	2	4	5	7	8	7	4	2	0	0
j	070	16	8	1	0	2	0.35714285714285715	1	2	3	8	9	8	2	2	0	0
j	071	16	12	0	0	1	0.2	1	3	3	13	13	12	1	2	0	0
j	072	19	6	3	3	2	0.5833333333333334	1	4	5	9	10	9	4	2	0	0
j	073	16	6	4	2	1	0.6153846153846154	1	4	6	7	7	8	5	2	0	0
j	074	15	8	2	1	2	0.38461538461538464	2	4	4	8	8	10	4	2	0	0
j	075	18	11	4	1	3	0.4666666666666667	2	4	4	10	10	15	6	2	0	1
j	076	17	5	1	1	3	0.3076923076923077	2	3	5	11	11	11	3	2	0	0
j	077	22	6	4	2	2	0.5	2	5	6	14	15	15	5	2	0	0
j	078	18	8	2	2	1	0.46153846153846156	1	3	4	11	12	13	3	2	0	0
j	079	18	5	4	2	2	0.7272727272727273	1	5	6	5	6	5	5	2	0	0
j	080	28	3	0	5	5	0.46153846153846156	0	4	8	11	11	12	5	2	0	0
j	081	36	0	0	3	4	0.5384615384615384	0	7	9	12	12	0	0	2	0	0
j	082	18	6	2	2	2	0.5454545454545454	2	3	5	10	10	10	3	2	0	0
j	083	16	6	1	2	2	0.4166666666666667	2	3	4	10	10	11	2	2	0	0
j	084	18	9	2	2	1	0.42857142857142855	1	3	5	10	10	10	3	2	0	0
j	085	16	6	2	2	1	0.5	1	3	5	8	8	8	3	2	0	0
j	086	13	5	2	0	2	0.36363636363636365	2	3	3	10	10	11	3	2	0	0
j	087	12	9	3	1	1	0.3333333333333333	2	4	4	9	9	9	4	2	0	0
j	088	17	10	3	1	2	0.4	4	4	4	11	11	14	4	2	0	1
j	089	17	7	2	2	1	0.5	1	3	5	9	9	9	3	2	0	0
j	090	16	10	4	1	2	0.46153846153846156	2	5	5	10	10	10	5	2	0	0
j	091	10	8	2	0	1	0.2727272727272727	2	3	3	8	8	8	3	2	0	0
j	092	13	8	2	1	2	0.4166666666666667	1	3	4	8	7	10	5	2	0	1
j	093	19	5	2	2	3	0.5833333333333334	2	5	4	9	10	10	3	2	0	0
j	094	13	9	5	1	1	0.5	2	5	5	8	8	9	6	2	0	1
j	095	14	6	3	1	1	0.5454545454545454	2	4	5	6	7	6	4	2	0	0
j	096	11	8	2	1	1	0.4	2	4	3	7	8	8	3	2	0	0
j	097	18	9	2	2	2	0.46153846153846156	1	3	4	9	9	10	3	2	0	0
j	098	19	7	1	3	2	0.5	2	3	4	10	10	10	2	2	0	0
j	099	15	4	0	2	3	0.5	2	3	3	7	7	7	1	2	0	0
sad	000	16	2	3	2	2	0.8	4	6	5	8	9	11	6	4	0	2
sad	001	29	2	5	3	7	0.8571428571428571	4	10	10	14	14	16	7	4	0	2
sad	002	24	2	6	2	4	0.8571428571428571	7	9	10	11	11	14	12	4	0	2
sad	003	29	0	4	6	6	1.2	1	12	12	7	7	1	7	4	0	0
sad	004	19	1	5	2	2	0.8181818181818182	5	6	6	10	10	14	7	4	0	3
sad	005	32	0	3	5	6	1.0	0	13	13	8	8	2	6	4	0	0
sad	006	16	3	5	2	2	0.6666666666666666	2	7	5	8	8	10	7	3	0	1
sad	007	37	4	4	6	7	1.0	2	15	14	12	11	7	10	4	0	1
sad	008	24	1	4	4	4	1.5714285714285714	0	14	12	7	7	3	8	4	0	0
sad	009	35	3	4	6	6	0.9285714285714286	2	12	13	9	10	4	8	4	0	0
sad	010	24	1	4	3	4	0.9166666666666666	5	10	8	10	8	11	10	4	0	2
sad	011	15	1	5	1	0	1.0	2	7	7	6	6	11	11	4	0	3
sad	012	34	4	4	5	5	0.8	2	11	11	12	12	8	4	4	0	0
sad	013	18	1	4	3	0	1.0	0	11	10	5	4	4	10	4	0	0
sad	014	27	0	2	5	6	0.9090909090909091	0	12	10	8	8	2	5	4	0	0
sad	015	13	2	3	1	1	0.875	3	5	6	6	7	9	7	4	0	2
sad	016	23	1	6	4	1	1.0	0	9	8	5	6	6	9	4	0	0
sad	017	20	0	4	3	2	1.0	1	10	8	8	8	8	8	3	0	0
sad	018	27	0	4	5	6	1.2	1	14	14	7	7	0	9	4	0	0
sad	019	48	0	4	5	12	1.1428571428571428	2	22	20	10	10	4	14	4	0	0
sad	020	25	2	6	5	2	1.0769230769230769	1	11	10	6	7	6	11	4	0	0
sad	021	16	1	6	2	1	1.0	2	7	7	7	7	10	9	3	0	1
sad	022	22	3	3	4	4	0.6923076923076923	3	9	7	10	10	10	6	4	0	0
sad	023	35	2	3	7	5	1.0	0	10	11	9	8	3	7	4	0	0
sad	024	30	0	1	7	7	0.6153846153846154	2	10	10	12	12	7	5	4	0	1
sad	025	16	2	5	3	1	1.1111111111111112	5	12	11	4	5	3	12	4	0	0
sad	026	31	0	6	5	6	1.0	1	15	14	8	9	3	11	4	0	1
sad	027	20	2	2	2	5	0.8181818181818182	8	7	5	12	12	12	2	4	0	0
sad	028	32	0	4	4	8	1.0	2	16	14	12	12	6	8	4	0	0
sad	029	30	0	5	6	6	1.0	0	13	13	8	8	1	7	4	0	0
sad	030	24	1	1	4	3	0.9166666666666666	1	7	7	6	6	6	5	4	0	0
sad	031	16	0	4	1	4	0.7272727272727273	2	8	8	7	7	6	8	4	0	0
sad	032	21	1	6	3	3	1.0	6	10	8	7	7	8	8	3	0	0
sad	033	38	1	2	8	7	1.0	4	10	8	18	18	7	3	4	0	0
sad	034	29	3	3	5	6	0.6923076923076923	3	8	8	11	11	6	4	4	0	0
sad	035	23	2	4	5	5	0.9090909090909091	4	9	8	8	9	8	7	4	0	1
sad	036	36	3	8	2	5	1.0	6	16	14	19	19	19	11	4	0	0
sad	037	27	0	5	5	6	1.2	1	14	14	7	7	0	9	4	0	0
sad	038	26	3	3	3	5	0.5714285714285714	7	9	7	17	17	17	5	4	0	0
sad	039	30	2	4	5	5	0.8571428571428571	2	14	13	9	10	5	8	4	0	0
sad	040	32	3	3	5	7	0.9166666666666666	2	11	12	11	11	8	8	4	0	1
sad	041	22	0	4	3	2	0.8461538461538461	5	8	7	9	10	11	6	3	0	0
sad	042	25	2	4	4	5	1.375	2	14	12	8	8	4	7	4	0	0
sad	043	29	5	4	6	5	0.8461538461538461	2	11	10	10	11	7	5	4	0	0
sad	044	25	3	8	5	5	1.1818181818181819	3	14	14	8	8	5	12	4	0	1
sad	045	13	1	4	0	2	0.6363636363636364	2	4	4	7	7	11	7	3	0	3
sad	046	30	0	4	5	7	0.9166666666666666	1	16	13	11	10	4	7	4	0	0
sad	047	33	0	0	6	5	0.9230769230769231	2	13	11	8	8	3	4	4	0	0
sad	048	32	4	6	5	5	1.0	4	11	13	8	8	9	14	4	0	0
sad	049	68	2	2	12	13	1.125	1	24	25	18	17	16	21	4	3	0
sad	050	32	3	4	7	5	1.0769230769230769	2	14	11	9	10	5	9	4	0	0
sad	051	10	1	3	1	1	0.75	1	6	8	4	4	3	6	4	0	0
sad	052	37	2	2	8	5	0.8461538461538461	3	10	8	16	16	6	3	4	0	0
sad	053	19	2	4	2	3	0.9	6	10	8	8	8	8	5	4	0	0
sad	054	47	1	2	12	10	0.9333333333333333	1	16	11	12	12	12	11	4	2	0
sad	055	67	2	0	9	10	0.8666666666666667	1	17	12	14	11	6	5	4	2	0
sad	056	43	2	3	5	7	0.9166666666666666	3	15	16	17	16	9	9	4	0	0
sad	057	15	2	5	2	2	0.8888888888888888	6	8	8	8	8	9	8	4	0	1
sad	058	30	0	2	4	8	0.9090909090909091	1	14	14	8	8	2	7	4	0	0
sad	059	29	4	3	6	5	0.7692307692307693	3	11	11	11	11	5	7	4	0	0
sad	060	30	1	4	6	5	0.8571428571428571	1	8	10	9	11	10	8	4	0	2
sad	061	29	2	4	2	4	0.7692307692307693	7	11	10	18	17	17	7	4	0	0
sad	062	23	3	5	4	5	0.9166666666666666	4	12	12	8	8	5	10	4	0	0
sad	063	23	1	5	5	2	1.0769230769230769	0	8	9	5	5	4	8	4	0	0
sad	064	27	0	5	5	6	1.2	0	14	14	7	7	0	9	4	0	0
sad	065	18	1	7	3	1	1.3333333333333333	2	8	8	6	6	9	11	3	0	2
sad	066	27	4	2	4	5	0.7142857142857143	4	11	10	13	12	10	6	4	0	0
sad	067	40	0	4	9	9	1.0714285714285714	4	15	13	10	10	8	12	4	2	0
sad	068	23	3	7	3	3	1.0	1	10	9	7	8	10	11	4	0	2
sad	069	39	3	1	8	9	0.8	2	10	12	9	11	15	13	4	2	2
sad	070	33	2	1	5	6	0.8	6	10	9	14	17	17	7	4	0	0
sad	071	48	3	1	6	9	0.8666666666666667	0	14	17	7	10	3	2	4	0	0
sad	072	19	2	2	3	4	0.7	4	10	9	9	10	6	4	4	0	0
sad	073	21	1	2	3	2	1.25	2	8	7	7	7	7	6	3	0	0
sad	074	36	2	1	6	9	0.9230769230769231	2	13	10	10	9	6	5	4	0	0
sad	075	12	0	4	0	1	0.7	1	4	5	5	5	8	7	3	0	2
sad	076	25	1	5	1	3	0.7692307692307693	6	11	12	15	14	15	9	4	0	0
sad	077	25	3	5	4	5	1.0	3	12	12	9	9	8	10	4	0	2
sad	078	71	0	0	9	12	0.9333333333333333	0	16	16	8	10	1	1	4	0	0
sad	079	28	2	2	6	5	0.7857142857142857	1	8	8	8	8	7	6	4	0	0
sad	080	35	1	3	6	7	0.9230769230769231	1	14	16	7	8	1	10	4	0	0
sad	081	27	3	3	4	4	0.7692307692307693	7	9	7	13	13	13	4	4	0	0
sad	082	37	2	3	4	6	0.9375	4	5	5	11	12	33	21	4	9	2
sad	083	39	3	5	7	6	1.1666666666666667	3	14	14	15	11	8	10	4	0	0
sad	084	25	3	4	4	5	1.0	4	9	9	12	12	9	6	4	0	2
sad	085	34	2	2	6	6	0.8571428571428571	1	13	14	8	9	2	9	4	0	0
sad	086	28	4	4	4	2	0.9333333333333333	3	10	9	9	10	11	8	4	0	0
sad	087	28	2	7	4	5	1.1538461538461537	7	12	11	9	8	14	16	4	0	3
sad	088	49	1	1	9	10	0.8125	1	18	15	11	12	9	16	4	2	1
sad	089	50	0	2	12	9	0.75	0	15	14	12	13	2	5	4	1	0
sad	090	50	4	6	7	9	1.2	0	18	17	9	8	4	7	4	1	0
sad	091	21	4	6	1	3	0.8333333333333334	8	10	10	12	12	14	8	4	0	1
sad	092	24	3	3	5	2	1.0909090909090908	2	11	9	8	8	4	4	4	0	0
sad	093	23	2	4	1	3	0.6923076923076923	8	10	10	15	15	16	7	4	0	0
sad	094	35	1	2	5	8	1.0	3	21	20	6	5	3	20	4	0	0
sad	095	39	0	5	5	8	1.0714285714285714	1	18	16	13	13	5	10	4	0	0
sad	096	17	2	2	3	3	0.6363636363636364	4	8	6	8	8	8	4	4	0	0
sad	097	36	4	3	7	5	0.7857142857142857	1	10	11	13	13	5	6	3	0	0
sad	098	37	3	5	5	7	1.1666666666666667	2	19	13	7	7	5	10	4	0	0
sad	099	40	3	4	4	8	1.0	1	19	19	12	10	7	15	4	2	0
smiley	000	27	0	6	5	4	1.625	1	11	13	7	7	4	9	4	0	0
smiley	001	18	1	5	3	1	1.375	4	8	9	6	7	9	10	4	0	1
smiley	002	24	0	4	3	3	0.7692307692307693	5	6	7	13	12	14	6	4	0	0
smiley	003	20	1	5	3	1	0.8461538461538461	1	9	10	8	7	9	10	4	0	1
smiley	004	20	1	7	3	1	1.3	4	12	13	5	6	6	16	4	0	1
smiley	005	34	2	5	6	6	1.3636363636363635	0	17	17	9	7	3	11	4	0	0
smiley	006	20	3	5	2	1	1.0	2	7	8	9	10	13	10	4	0	1
smiley	007	20	2	4	4	2	0.6923076923076923	4	8	8	9	9	9	6	4	0	0
smiley	008	27	0	3	5	6	0.9	1	10	10	9	11	5	7	4	0	2
smiley	009	32	0	2	5	6	0.9090909090909091	2	12	10	14	12	8	6	4	0	0
smiley	010	16	3	6	3	1	0.8333333333333334	2	8	9	7	6	7	9	4	0	0
smiley	011	23	4	5	2	3	1.0	2	10	12	8	8	8	9	4	0	0
smiley	012	28	0	3	2	5	0.6666666666666666	6	7	9	17	17	14	4	4	0	0
smiley	013	35	0	5	5	6	1.1666666666666667	0	16	17	8	9	1	7	4	0	0
smiley	014	35	3	8	4	7	1.0666666666666667	4	13	15	14	16	16	12	4	0	3
smiley	015	28	4	3	4	7	1.0	4	11	12	8	9	8	9	4	0	2
smiley	016	29	0	3	7	4	1.0	2	9	11	11	11	7	5	4	0	0
smiley	017	17	2	7	2	0	1.0909090909090908	2	9	10	6	5	9	13	4	0	2
smiley	018	29	1	7	5	4	1.1666666666666667	0	13	14	9	8	3	12	4	0	0
smiley	019	33	4	6	7	5	0.8571428571428571	4	10	10	14	12	7	9	4	0	1
smiley	020	33	4	7	2	5	1.0	8	13	13	18	18	23	11	4	0	1
smiley	021	30	1	7	4	4	1.1538461538461537	8	9	9	13	14	20	12	4	0	3
smiley	022	18	0	3	4	3	1.0	1	6	6	5	6	6	5	3	0	0
smiley	023	37	1	5	7	6	1.1666666666666667	2	13	15	13	13	7	8	4	0	0
smiley	024	32	0	4	5	8	1.0909090909090908	2	12	14	12	12	6	8	4	0	0
smiley	025	69	2	1	7	13	1.25	4	17	18	14	15	8	4	4	0	0
smiley	026	16	2	3	2	3	1.0	2	5	5	8	7	10	6	4	0	2
smiley	027	32	2	7	6	5	1.3636363636363635	4	10	12	12	10	12	12	4	0	3
smiley	028	38	1	3	6	8	0.9375	9	9	9	21	19	26	10	5	1	1
smiley	029	34	2	4	7	7	0.9285714285714286	4	11	12	15	14	11	8	4	0	0
smiley	030	18	0	2	3	2	0.8181818181818182	5	11	12	5	6	4	12	4	0	0
smiley	031	25	4	11	3	2	1.7	2	15	17	7	7	8	16	4	0	0
smiley	032	22	1	7	3	2	1.0833333333333333	2	10	11	8	9	10	13	4	0	1
smiley	033	24	1	5	3	6	0.9166666666666666	2	11	9	7	7	7	10	4	0	4
smiley	034	36	0	1	10	7	1.0909090909090908	1	10	11	13	14	8	6	4	0	1
smiley	035	36	2	1	7	8	1.0	3	10	14	11	11	7	8	4	0	0
smiley	036	37	2	4	7	8	1.0833333333333333	4	8	12	13	11	10	6	4	0	0
smiley	037	31	2	3	5	4	0.8125	5	13	13	10	10	11	13	4	0	0
smiley	038	20	1	5	4	3	1.1	0	7	9	5	5	5	7	3	0	0
smiley	039	23	1	7	5	3	1.0	0	9	10	8	7	8	11	4	0	0
smiley	040	15	4	4	2	1	0.8888888888888888	2	7	9	7	5	7	9	4	0	0
smiley	041	63	3	4	10	9	1.0769230769230769	2	15	14	15	14	5	7	4	0	0
smiley	042	27	2	6	5	5	1.0769230769230769	2	11	11	9	9	10	12	4	0	3
smiley	043	28	2	3	5	7	0.9090909090909091	4	11	13	12	12	6	8	4	0	0
smiley	044	38	2	4	5	7	0.9285714285714286	4	19	22	12	13	10	17	4	2	0
smiley	045	33	1	2	7	5	1.1	0	10	10	9	9	3	3	4	0	0
smiley	046	23	0	7	3	2	1.4	8	14	12	4	4	6	17	4	0	4
smiley	047	17	1	8	2	1	1.0909090909090908	1	10	9	6	5	8	13	4	0	2
smiley	048	33	4	6	5	6	0.875	8	9	11	14	14	14	7	4	0	0
smiley	049	14	2	7	2	1	1.0	1	6	7	3	4	7	10	3	0	3
smiley	050	79	0	1	13	14	1.0666666666666667	2	22	21	14	13	7	12	4	0	0
smiley	051	27	5	7	3	5	0.9285714285714286	5	12	13	12	11	12	12	4	0	0
smiley	052	22	1	1	4	3	0.9090909090909091	6	10	12	8	8	6	12	4	0	0
smiley	053	38	2	0	4	7	1.0909090909090908	2	17	17	8	8	4	0	4	0	0
smiley	054	29	2	6	4	4	1.2727272727272727	8	10	10	13	13	16	9	4	0	2
smiley	055	35	0	4	5	8	1.0833333333333333	2	14	16	13	13	7	8	4	0	0
smiley	056	29	3	4	5	5	1.0	2	11	13	9	9	5	6	4	0	0
smiley	057	64	0	0	10	13	0.9333333333333333	2	14	16	16	16	10	7	4	0	1
smiley	058	34	5	4	6	5	1.0	3	13	13	13	13	8	8	4	0	0
smiley	059	24	3	3	5	5	0.9	3	9	9	10	8	7	5	4	0	0
smiley	060	32	1	6	6	6	1.1818181818181819	3	12	13	12	13	8	10	4	0	1
smiley	061	30	0	5	5	3	1.0769230769230769	4	9	9	12	12	13	7	3	0	0
smiley	062	24	2	1	5	4	0.9	3	10	10	10	9	7	9	4	0	0
smiley	063	33	0	0	5	6	0.9166666666666666	4	7	9	14	14	12	3	4	0	0
smiley	064	34	3	4	6	5	0.9333333333333333	1	8	12	8	10	5	6	4	0	0
smiley	065	29	1	7	3	2	1.0833333333333333	5	10	10	15	15	16	9	3	0	0
smiley	066	38	1	5	5	6	1.1428571428571428	1	17	15	8	8	2	8	4	0	1
smiley	067	34	6	6	4	7	1.0	8	10	12	14	14	15	7	4	0	0
smiley	068	30	1	3	6	6	1.0909090909090908	2	12	14	12	10	10	12	4	0	1
smiley	069	27	5	6	2	4	0.8461538461538461	8	10	11	15	14	15	9	4	0	0
smiley	070	63	0	1	11	13	1.0	1	17	22	15	13	6	8	4	0	0
smiley	071	31	3	8	5	6	1.0714285714285714	7	12	13	12	13	12	10	4	0	0
smiley	072	23	3	4	5	5	1.0	3	9	10	9	8	7	7	4	0	2
smiley	073	23	1	2	4	5	1.0	1	10	11	7	8	2	5	4	0	0
smiley	074	27	2	4	4	7	1.0	4	11	12	11	12	11	9	4	0	2
smiley	075	30	0	4	6	4	1.4	2	8	10	10	10	10	8	3	0	0
smiley	076	23	1	9	2	2	1.2727272727272727	6	11	11	10	10	14	13	4	0	2
smiley	077	28	1	5	5	4	1.0909090909090908	0	11	12	8	7	3	7	4	0	0
smiley	078	21	0	4	4	2	0.9090909090909091	3	10	9	7	8	9	12	4	0	2
smiley	079	37	1	5	8	5	1.3636363636363635	3	12	14	11	11	6	7	4	0	0
smiley	080	47	2	3	9	10	1.2307692307692308	3	14	14	12	12	17	24	4	4	2
smiley	081	50	1	4	9	7	1.0714285714285714	4	9	11	18	17	16	7	4	0	0
smiley	082	31	0	2	6	8	1.1	2	12	14	9	11	8	7	4	0	1
smiley	083	25	1	6	2	3	1.0	2	10	12	12	10	13	11	4	0	0
smiley	084	40	0	4	8	8	1.1666666666666667	1	14	16	13	13	4	8	4	0	0
smiley	085	22	1	4	2	2	0.7857142857142857	2	8	9	11	10	14	10	4	0	2
smiley	086	34	2	2	5	5	0.7142857142857143	5	8	9	17	17	15	3	4	0	0
smiley	087	30	1	3	7	5	0.9	1	9	10	11	10	7	9	4	1	1
smiley	088	24	4	8	3	4	1.1818181818181819	4	11	11	9	9	10	11	4	0	3
smiley	089	41	0	6	4	6	1.0714285714285714	6	13	14	19	20	17	10	4	0	1
smiley	090	23	1	6	4	3	1.1818181818181819	4	10	10	7	7	7	8	3	0	0
smiley	091	17	2	4	3	2	0.8181818181818182	4	7	7	9	9	9	6	4	0	1
smiley	092	26	3	7	5	5	1.3	3	12	13	8	9	6	11	4	0	1
smiley	093	38	2	1	7	6	1.1818181818181819	1	12	16	8	9	4	9	4	0	0
smiley	094	33	1	4	8	8	1.0	3	16	17	8	8	3	15	4	0	0
smiley	095	33	2	6	8	5	1.0833333333333333	3	10	11	14	13	10	7	4	0	1
smiley	096	27	0	4	3	2	1.0	4	7	9	12	12	12	5	3	0	0
smiley	097	29	0	6	5	5	1.1818181818181819	0	17	13	8	8	4	14	4	0	1
smiley	098	55	2	0	6	12	0.9285714285714286	3	22	23	13	15	16	22	4	2	1
smiley	099	34	7	4	6	4	0.8	7	9	11	18	18	18	8	4	0	0
xclaim	000	4	4	0	0	1	0.16666666666666666	2	2	2	4	4	4	1	2	0	0
xclaim	001	29	1	0	0	2	0.125	0	3	4	14	15	1	0	2	0	0
xclaim	002	30	0	0	0	2	0.125	0	4	4	15	15	0	0	2	0	0
xclaim	003	9	9	0	0	1	0.08333333333333333	2	2	2	9	9	9	1	2	0	0
xclaim	004	10	10	0	0	1	0.08333333333333333	2	2	2	10	10	10	1	2	0	0
xclaim	005	8	8	0	0	1	0.09090909090909091	2	2	2	8	8	8	1	2	0	0
xclaim	006	15	11	0	0	2	0.13333333333333333	2	2	2	11	11	11	1	2	0	0
xclaim	007	16	0	0	0	2	0.2	0	4	4	8	8	0	0	2	0	0
xclaim	008	20	6	0	0	2	0.13333333333333333	2	2	2	11	13	6	1	2	0	0
xclaim	009	10	10	0	0	1	0.08333333333333333	4	2	2	10	10	10	0	2	0	0
xclaim	010	8	8	0	0	1	0.09090909090909091	2	2	2	8	8	8	1	2	0	0
xclaim	011	22	0	0	0	2	0.16666666666666666	0	4	4	11	11	0	0	2	0	0
xclaim	012	11	11	0	0	1	0.07692307692307693	2	2	2	11	11	11	1	2	0	0
xclaim	013	11	11	0	0	1	0.07692307692307693	2	2	2	11	11	11	1	2	0	0
xclaim	014	16	8	0	0	2	0.15384615384615385	0	4	4	12	10	8	2	2	0	0
xclaim	015	11	11	0	0	1	0.08333333333333333	2	2	2	11	11	11	1	2	0	0
xclaim	016	18	0	0	0	2	0.18181818181818182	0	4	4	9	9	0	0	2	0	0
xclaim	017	13	13	0	0	1	0.0625	2	2	2	13	13	13	1	2	0	0
xclaim	018	6	6	0	0	1	0.125	2	2	2	6	6	6	1	2	0	0
xclaim	019	21	1	0	0	2	0.16666666666666666	0	4	3	10	11	1	0	2	0	0
xclaim	020	14	14	0	0	1	0.0625	4	2	2	14	14	14	0	2	0	0
xclaim	021	11	11	0	0	1	0.08333333333333333	2	2	2	11	11	11	1	2	0	0
xclaim	022	11	11	0	0	1	0.07692307692307693	2	2	2	11	11	11	1	2	0	0
xclaim	023	7	7	0	0	1	0.1111111111111111	2	2	2	7	7	7	1	2	0	0
xclaim	024	10	10	0	0	1	0.08333333333333333	2	2	2	10	10	10	1	2	0	0
xclaim	025	13	13	0	0	1	0.07142857142857142	2	2	2	13	13	13	1	2	0	0
xclaim	026	72	0	0	13	6	0.375	0	6	6	11	11	0	0	2	0	0
xclaim	027	50	1	0	15	3	1.0	2	6	6	33	33	16	1	4	0	0
xclaim	028	20	0	0	0	2	0.18181818181818182	0	4	4	10	10	0	0	2	0	0
xclaim	029	16	0	0	0	2	0.2222222222222222	2	4	4	8	8	0	2	2	0	0
xclaim	030	12	12	0	0	1	0.07142857142857142	2	2	2	12	12	12	1	2	0	0
xclaim	031	11	5	0	0	2	0.2	2	2	2	6	8	5	1	2	0	0
xclaim	032	8	8	0	0	1	0.07692307692307693	2	2	2	8	8	8	1	2	0	0
xclaim	033	10	10	0	0	1	0.07142857142857142	2	2	2	10	10	10	1	2	0	0
xclaim	034	62	0	0	14	5	0.3333333333333333	0	8	8	14	14	0	0	2	0	0
xclaim	035	10	10	0	0	1	0.07692307692307693	2	2	2	10	10	10	1	2	0	0
xclaim	036	10	10	0	0	1	0.06666666666666667	2	2	2	10	10	10	1	2	0	0
xclaim	037	22	0	0	0	2	0.15384615384615385	0	4	4	11	11	0	0	2	0	0
xclaim	038	9	9	1	0	1	0.15384615384615385	2	2	2	9	9	9	1	2	0	0
xclaim	039	9	9	0	0	1	0.08333333333333333	2	2	2	9	9	9	1	2	0	0
xclaim	040	23	1	0	0	2	0.15384615384615385	0	4	3	11	12	1	0	2	0	0
xclaim	041	30	0	0	0	2	0.125	0	4	4	15	15	0	0	2	0	0
xclaim	042	12	12	0	0	1	0.07692307692307693	2	2	2	12	12	12	1	2	0	0
xclaim	043	22	0	0	0	2	0.16666666666666666	0	4	4	11	11	0	0	2	0	0
xclaim	044	12	12	0	0	1	0.07142857142857142	2	2	2	12	12	12	1	2	0	0
xclaim	045	22	0	0	0	2	0.16666666666666666	0	4	4	11	11	0	0	2	0	0
xclaim	046	10	10	0	0	1	0.08333333333333333	2	2	2	10	10	10	1	2	0	0
xclaim	047	19	1	0	0	2	0.18181818181818182	0	3	4	10	9	1	0	2	0	0
xclaim	048	14	10	1	0	1	0.23076923076923078	2	3	3	11	11	10	1	2	0	0
xclaim	049	56	0	0	12	4	0.23529411764705882	0	6	6	16	16	0	0	2	0	0
xclaim	050	9	9	0	0	1	0.1	2	2	2	9	9	9	1	2	0	0
xclaim	051	17	15	0	0	2	0.11764705882352941	2	2	2	15	15	15	1	2	0	0
xclaim	052	6	6	0	0	1	0.14285714285714285	2	2	2	6	6	6	1	2	0	0
xclaim	053	11	11	0	0	1	0.07692307692307693	2	2	2	11	11	11	1	2	0	0
xclaim	054	11	11	0	0	1	0.08333333333333333	2	2	2	11	11	11	1	2	0	0
xclaim	055	10	10	0	0	1	0.07142857142857142	2	2	2	10	10	10	1	2	0	0
xclaim	056	8	8	0	0	1	0.1	2	2	2	8	8	8	1	2	0	0
xclaim	057	36	0	0	12	3	0.21428571428571427	0	6	6	12	12	0	0	2	0	0
xclaim	058	16	0	0	0	2	0.2	0	4	4	8	8	0	0	2	0	0
xclaim	059	16	14	0	0	1	0.125	1	2	2	14	14	14	1	2	0	0
xclaim	060	11	11	0	0	1	0.08333333333333333	2	2	2	11	11	11	1	2	0	0
xclaim	061	68	2	0	14	5	0.29411764705882354	0	6	6	12	12	2	2	2	0	0
xclaim	062	12	12	0	0	1	0.07692307692307693	4	2	2	12	12	12	0	2	0	0
xclaim	063	12	12	0	0	1	0.07692307692307693	4	2	2	12	12	12	0	2	0	0
xclaim	064	11	11	0	0	1	0.07142857142857142	2	2	2	11	11	11	1	2	0	0
xclaim	065	12	12	0	0	1	0.07692307692307693	2	2	2	12	12	12	1	2	0	0
xclaim	066	11	11	0	0	1	0.08333333333333333	2	2	2	11	11	11	1	2	0	0
xclaim	067	20	0	0	0	2	0.18181818181818182	0	4	4	10	10	0	0	2	0	0
xclaim	068	24	0	0	0	2	0.15384615384615385	0	4	4	12	12	0	0	2	0	0
xclaim	069	10	10	0	0	1	0.08333333333333333	4	2	2	10	10	10	0	2	0	0
xclaim	070	8	8	0	0	1	0.1111111111111111	2	2	2	8	8	8	1	2	0	0
xclaim	071	10	10	0	0	1	0.08333333333333333	2	2	2	10	10	10	1	2	0	0
xclaim	072	11	11	0	0	1	0.08333333333333333	2	2	2	11	11	11	1	2	0	0
xclaim	073	39	0	0	12	4	0.2857142857142857	0	6	6	10	12	0	0	2	0	0
xclaim	074	14	14	0	0	1	0.06666666666666667	2	2	2	14	14	14	1	2	0	0
xclaim	075	10	10	0	0	1	0.07692307692307693	2	2	2	10	10	10	1	2	0	0
xclaim	076	11	11	0	0	1	0.08333333333333333	2	2	2	11	11	11	1	2	0	0
xclaim	077	41	0	0	12	4	0.2857142857142857	0	6	6	10	12	0	0	2	0	0
xclaim	078	28	0	0	0	2	0.125	0	4	4	14	14	0	0	2	0	0
xclaim	079	18	0	0	0	2	0.2	0	4	4	9	9	0	0	2	0	0
xclaim	080	17	0	1	1	2	0.25	2	4	4	8	6	0	3	2	0	0
xclaim	081	12	12	0	0	1	0.06666666666666667	2	2	2	12	12	12	1	2	0	0
xclaim	082	36	0	0	6	4	0.2857142857142857	0	4	4	10	10	0	0	2	0	0
xclaim	083	20	0	0	0	2	0.18181818181818182	2	4	4	10	10	0	2	2	0	0
xclaim	084	11	11	0	0	1	0.07692307692307693	2	2	2	11	11	11	1	2	0	0
xclaim	085	10	10	0	0	1	0.08333333333333333	2	2	2	10	10	10	1	2	0	0
xclaim	086	10	10	0	0	1	0.08333333333333333	2	2	2	10	10	10	1	2	0	0
xclaim	087	11	11	0	0	1	0.08333333333333333	2	2	2	11	11	11	1	2	0	0
xclaim	088	36	0	0	12	3	0.23076923076923078	0	6	6	12	12	0	0	2	0	0
xclaim	089	18	9	0	3	3	0.21428571428571427	2	4	4	12	12	9	0	2	0	0
xclaim	090	61	0	0	11	7	0.5833333333333334	0	10	6	9	9	0	0	2	0	0
xclaim	091	12	12	0	0	1	0.07142857142857142	2	2	2	12	12	12	1	2	0	0
xclaim	092	36	0	0	12	3	0.23076923076923078	0	6	6	12	12	0	0	2	0	0
xclaim	093	28	0	0	0	2	0.13333333333333333	2	4	4	14	14	0	2	2	0	0
xclaim	094	26	0	0	0	2	0.125	0	4	4	13	13	0	0	2	0	0
xclaim	095	9	9	0	0	1	0.09090909090909091	2	2	2	9	9	9	1	2	0	0
xclaim	096	11	11	0	0	1	0.08333333333333333	2	2	2	11	11	11	1	2	0	0
xclaim	097	18	14	0	0	2	0.11764705882352941	1	3	2	15	14	14	2	2	0	0
xclaim	098	10	8	0	0	2	0.18181818181818182	1	3	2	7	8	8	2	2	0	0
xclaim	099	38	0	0	10	5	0.45454545454545453	0	6	6	8	8	0	0	2	0	0
